,Product Name,Product Price,Product Discription,Product link
0,Fujifilm X-T4 Mirrorless Camera in Black with XF16-80mm Lens,"£1,799.00","               ###  source code in bs4-python section !!!!
26.1MP APS-C CMOS 4 sensor                                                                                      ###
6.5 stop In-body Image Stabilisation
15fps continuous shooting in burst mode
18 Film Simulation modes
4K 60p video recording
",/p/Fujifilm/X-T4-Mirrorless-Camera-in-Black-with-XF16-80mm-Lens-187466
1,"Canon EOS 2000D Digital SLR with EF-S 18-55mm IS II Lens, Canon Bag, 16GB Card and Lens Cloth",£469.00,"
Easy-to-use, entry-level Digital SLR
3-inch LCD screen
Share images, control camera remotely with Wi-Fi
Includes SB130 Bag
16GB SD Card and lens cloth
","/p/Canon/EOS-2000D-Digital-SLR-with-EF-S-18-55mm-IS-II-Lens,-Canon-Bag,-16GB-Card-and-Lens-Cloth-190232"
2,Fujifilm X-T4 Mirrorless Camera Body,"£1,399.00","
26.1MP APS-C CMOS 4 sensor
6.5 stop In-body Image Stabilisation
15fps continuous shooting in burst mode
18 Film Simulation modes
4K 60p video recording
",/p/Fujifilm/X-T4-Mirrorless-Camera-Body-187344
3,Fujifilm X-T4 Mirrorless Camera Body in Silver,"£1,399.00","
26.1MP APS-C CMOS 4 sensor
6.5 stop In-body Image Stabilisation
15fps continuous shooting in burst mode
18 Film Simulation modes
4K 60p video recording
",/p/Fujifilm/X-T4-Mirrorless-Camera-Body-in-Silver-187462
4,Sony Cyber-Shot RX100 VII Digital Camera,"£1,049.00","
Sony a9-class speed and AF performance
20fps blackout-free shooting
Pocket-sized body with high image quality
BIONZ X processor
1.0-inch type 20.1MP sensor
",/p/Sony/Cyber-Shot-RX100-VII-Digital-Camera-175943
5,Sony a7 III Mirrorless Camera Body,"£1,699.00","
For photographers and videographers alike
24.2MP full-frame Exmor R Sensor
Full-frame 4K movie recording
ISO 50-204800
5-axis image stabilisation
",/p/Sony/a7-III-Mirrorless-Camera-Body-143628
6,Fujifilm X-T4 Mirrorless Camera in Black with XF18-55mm Lens,"£1,749.00","
26.1MP APS-C CMOS 4 sensor
6.5 stop In-body Image Stabilisation
15fps continuous shooting in burst mode
18 Film Simulation modes
4K 60p video recording
",/p/Fujifilm/X-T4-Mirrorless-Camera-in-Black-with-XF18-55mm-Lens-187463
7,Sony a7 IV Mirrorless Camera Body,"£2,399.00","
New 33MP Exmor R back-illuminated sensor
Bionz XR processing power
New 3-inch vari-angle touchscreen
Shoot 4K 60p video
5-axis in-body image stabilisation
",/p/Sony/a7-IV-Mirrorless-Camera-Body-197599
8,Fujifilm X-T200 Mirrorless Camera in Dark Silver with XC15-45mm Lens,£599.00,"
24.2MP APS-C CMOS image sensor
4K 30p video recording
Large 3.5-inch vari-angle LCD touchscreen
Continuous shooting up to 8fps
Electronic Stabilisation and HDR Video modes
",/p/Fujifilm/X-T200-Mirrorless-Camera-in-Dark-Silver-with-XC15-45mm-Lens-185613
9,Fujifilm X-T30 Mirrorless Camera in Silver with XF18-55mm Lens,£999.00,"
Compact and lightweight body
26.1M Back-illuminated X-Trans CMOS 4 Sensor
30fps blackout-free continuous shooting
4K/30p, FHD/120p movie recording
3-inch high-res touchscreen tilting LCD
",/p/Fujifilm/X-T30-Mirrorless-Camera-in-Silver-with-XF18-55mm-Lens-168231
10,Sony a7R IV A Mirrorless Camera Body,"£3,199.00","
61MP Full-Frame Exmor R BSI CMOS Sensor
BIONZ X Image Processor
567-Point Phase-Detection AF System
Up to 10 fps Shooting
UHD 4K30p Video with HLG & S-Log3 Gammas
",/p/Sony/a7R-IV-A-Mirrorless-Camera-Body-175365
11,Sony Alpha a7 MKII Mirrorless Camera with 28-70mm Lens,"£1,199.00","
Full-frame
24.3-megapixels
5-axis image stabilization
BIONZ X image processing engine
Enhanced Fast Hybrid AF
",/p/Sony/Alpha-a7-MKII-Mirrorless-Camera-with-28-70mm-Lens-95133
12,Sony a7 III Mirrorless Camera + FE 28-70mm f/3.5-5.6 OSS Lens,"£1,899.00","
For photographers and videographers alike
24.2MP full-frame Exmor R Senso
Full-frame 4K movie recording
ISO 50-204800
5-axis image stabilisation
",/p/Sony/a7-III-Mirrorless-Camera--FE-28-70mm-f3.5-5.6-OSS-Lens-143629
13,Sony a7S III Mirrorless Camera Body,"£3,799.00","
For videographers and content creators
12.1-MP full frame back-illuminated Exmor R sensor
Supreme 4K video quality
Fast and precise video autofocus
In-body Image Stabilisation of up to 5.5 stops
",/p/Sony/a7S-III-Mirrorless-Camera-Body-190043
14,Sony a7R III A Mirrorless Camera Body,"£2,199.00","
42.4 megapixels
Full frame Exmor R CMOS sensor
Continuous shooting up to 10fps
399 phase-detection AF points
5-axis optical in-body image stabilization
",/p/Sony/a7R-III-A-Mirrorless-Camera-Body-134212
15,Nikon D5600 Digital SLR with 18-55mm f/3.5-5.6 AF-P VR Lens,£619.00,"
24.2 megapixels
Lightweight and tough construction
Vari-angle touchscreen
Low-pass filter removed
SnapBridge connectivity
",/p/Nikon/D5600-Digital-SLR-with-18-55mm-f3.5-5.6-AF-P-VR-Lens-109637
16,Sony Cyber-shot DSC-W800 Digital Camera in Silver,£79.00,"
20 megapixels
5x optical zoom
Wide-angle Lens
Ultra-compact
HD movies
",/p/Sony/Cyber-shot-DSC-W800-Digital-Camera-in-Silver-96388
17,Sony a7 IV Mirrorless Camera with FE 28-70mm f/3.5-5.6 OSS Lens,"£2,599.00","
New 33MP Exmor R back-illuminated sensor
Bionz XR processing power
New 3-inch vari-angle touchscreen
Shoot 4K 60p video
5-axis in-body image stabilisation
",/p/Sony/a7-IV-Mirrorless-Camera-with-FE-28-70mm-f3.5-5.6-OSS-Lens-197600
18,Sony a1 Mirrorless Camera Body,"£6,499.00","
50 MP Exmor RX Sensor
8K video recording
30fps shooting
9.44-million dot OLED EVF
5-axis in-body image stabilisation
",/p/Sony/a1-Mirrorless-Camera-Body-193624
19,Canon EOS R6 Mirrorless Camera Body,"£2,399.00","
20.1 megapixel full frame CMOS sensor
Up to 8-stop image stabilisation
ISO 102400
4K video recording
Up to 20 fps
",/p/Canon/EOS-R6-Mirrorless-Camera-Body-189725
20,Nikon D3500 Digital SLR Camera with 18-55mm AF-P VR Lens,£469.00,"
24.2 MP DX-format sensor
ISO light-sensitivity range of 100-25600
Full HD movies
Creative Effects
",/p/Nikon/D3500-Digital-SLR-Camera-with-18-55mm-AF-P-VR-Lens-158737
21,DJI Mavic Air 2 Drone,£749.00,"
The perfect Drone for both power and portability
1/2-Inch Image Sensor. 48MP Photo, 4K/60fps Video
HDR Photo, Video, and Panorama
APAS 3.0 Obstacle Avoidance
10km transmission distance
",/p/DJI/Mavic-Air-2-Drone-188813
22,DJI Mavic Air 2 Fly More Combo Drone,£939.00,"
The perfect Drone for both power and portability
1/2-Inch sensor. 48MP Photo, 4K/60fps Video
HDR Photo, video, and panorama
Includes shoulder bag, ND filter set
Charging Hub and battery to power bank adapter
",/p/DJI/Mavic-Air-2-Fly-More-Combo-Drone-188814
23,DJI Mini 2 Drone,£419.00,"
Beginner friendly, powerful and lightweight drone
Super-portable - only weighs 249g
3-axis Gimbal with 4K camera
Up to 31 minutes flight time
Intelligent filight modes and Quickshot
",/p/DJI/Mini-2-Drone-191936
24,DJI Air 2S Fly More Combo,"£1,169.00","
20 MP 1-inch CMOS sensor
5.4K/30fps and 4K/60fps video
Includes 2 extra batteries and charging hub
Shoulder bag
ND filter set and accessories
",/p/DJI/Air-2S-Fly-More-Combo-194906
25,DJI Mini 2 Combo Drone,£529.00,"
Beginner friendly, powerful and lightweight drone
Super-portable - only weighs 249g
3-axis Gimbal with 4K camera
Up to 31 minutes flight time
Intelligent filight modes and Quickshot
",/p/DJI/Mini-2-Combo-Drone-191340
26,DJI Air 2S Drone,£899.00,"
Compact and lightweight aerial powerhouse
20 MP 1-inch CMOS sensor
5.4K/30fps and 4K/60fps video
O3 Video Transmission
Shoot in RAW
",/p/DJI/Air-2S-Drone-194905
27,DJI FPV Combo,"£1,149.00","
Immersive FPV flight experience
4K/60fps super-wide FOV
12MP camera with 1/2.3-inch CMOS sensor
RockSteady stabilisation
HD Low-Latency Transmission
",/p/DJI/FPV-Combo-193017
28,DJI Air 2S Fly More Combo with Smart Controller,"£1,559.00","
20 MP 1-inch CMOS sensor
5.4K/30fps and 4K/60fps video
Includes 2 extra batteries and charging hub
Shoulder bag
ND filter set and accessories
",/p/DJI/Air-2S-Fly-More-Combo-with-Smart-Controller-196366
29,DJI Mavic 2 Pro Drone with Smart Controller,"£1,579.00","
Delivers stunning photo and video
Hasselblad Camera, 1-inch CMOS Sensor
31 Minute flight time
3-axis gimbal
DJI Smart Controller
",/p/DJI/Mavic-2-Pro-Drone-with-Smart-Controller-166673
30,Arcade Orbit Drone,£39.97,"
Lightweight compact frame
Indoors and outdoors fun.
80-100 Metres flight distance
LED Light Display
Camera not included
",/p/Arcade/Orbit-Drone-97463
31,Sony FE 24-70mm f/4.0 ZA OSS Vario-Tessar T Lens,£749.00,"
Full-frame Lens for E-mount cameras
Carl Zeiss image quality
Constant f/4 aperture
",/p/Sony/FE-24-70mm-f4.0-ZA-OSS-Vario-Tessar-T-Lens-90220
32,Sony FE 50mm f/1.8 Lens,£159.00,"
Capturing stunning portraits at a great price
F1.8 max aperture for low-light shots
7-blade circular aperture
75mm (35mm equivalent) focal length
49mm filter diameter
",/p/Sony/FE-50mm-f1.8-Lens-98112
33,Sony FE 24-70mm f/2.8 GM Lens,"£1,799.00","
G Master series lens with incredible sharpness
Fast standard zoom
Fast, Accurate Focus
Extreme Aspherical element
Nano AR Coating
",/p/Sony/FE-24-70mm-f2.8-GM-Lens-97869
34,Sony FE 85mm F1.8 Lens,£499.00,"
Prime Portrait Lens
Super Sonic wave Motor
Fast, precise AF
Dust and moisture resistant
ED (Extra-low Dispersion) glass
",/p/Sony/FE-85mm-F1.8-Lens-119149
35,Sony FE 24-105mm F4 G OSS Lens,£999.00,"
E-mount Full Frame format
Constant F4 maximum aperture
Fast, Precise and Quiet Autofocus
Compact and lightweight
Smooth, versatile operation
",/p/Sony/FE-24-105mm-F4-G-OSS-Lens-134213
36,Canon EF 50mm f/1.8 STM Lens,£129.00,"
Perfect for portraits
Fast, virtually silent focusing
Great performer in low-light
Super-sharp image quality
Compact design
",/p/Canon/EF-50mm-f1.8-STM-Lens-96690
37,Sony FE 70-200mm f/2.8 G Master OSS Lens,"£2,129.00","
Pro lens for wedding and sports photography
Constant f/2.8 aperture
Fast AF for stills and video
11 blades for bokeh
Dust and moisture resistant design
",/p/Sony/FE-70-200mm-f2.8-G-Master-OSS-Lens-99988
38,Sony FE 70-200mm f/4 G OSS Lens,"£1,095.00","
High performance G Lens
Built-in Optical SteadyShot
Sony Nano AR Coating
Circular 9-blade aperture
Dust and moisture resistant
",/p/Sony/FE-70-200mm-f4-G-OSS-Lens-93787
39,Sony FE 200-600mm F5.6-6.3 G OSS Lens,"£1,599.00","
Sony E-mount Full Frame format
G lens super-telephoto zoom
High resolution throughout the zoom range
Direct Drive SSM for quiet, precise focus
Sony Nano AR Coating
",/p/Sony/FE-200-600mm-F5.6-6.3-G-OSS-Lens-172969
40,Sony FE 85mm f/1.4 GM Lens,"£1,499.00","
G Master series lens
Ideal for portraits
Superior resolution
Precision AF
",/p/Sony/FE-85mm-f1.4-GM-Lens-97870
41,Sony FE 24mm f/1.4 GM Lens,"£1,299.00","
G Master Series
Compact and lightweight
Direct Drive SSM
Circular 11-blade aperture
Dust and moisture-resistant
",/p/Sony/FE-24mm-f1.4-GM-Lens-159701
42,Sony FE 90mm f/2.8 Macro G OSS Lens,£799.00,"
Medium telephoto macro lens
Precise, quiet focus for stills and movies
Fast auto/manual focus switching
Inner focus for better handling
",/p/Sony/FE-90mm-f2.8-Macro-G-OSS-Lens-96792
43,Sony FE 16-35mm f/2.8 GM Lens,"£1,999.00","
Full Frame E-mount Lens
G Master wide angle zoom
Light and compact
Smooth bokeh.
High corner-to-corner resolution
",/p/Sony/FE-16-35mm-f2.8-GM-Lens-124502
44,Nikon AF-S 50mm f/1.8G Lens,£199.00,"
Maximum aperture of f/1.8.
SWM for fast, quiet autofocus.
Lightweight and compact body.
Aspherical lens element
Weather-sealed metal lens mount
",/p/Nikon/AF-S-50mm-f1.8G-Lens-81294
45,Sony FE 55mm f/1.8 ZA Sonnar T Carl Zeiss Lens,£679.00,"
Carl Zeiss Sonnar T* optics
Full-frame format
Large f/1.8 maximum aperture
9 blade circular aperture
Sealed against dust and moisture
",/p/Sony/FE-55mm-f1.8-ZA-Sonnar-T-Carl-Zeiss-Lens-89675
46,Sony FE 35mm f1.4 GM Lens,"£1,499.00","
G Master Series wide-angle prime lens
Compact and portable
Sony Nano AR Coating II
XA elements and ED glass for high resolution
Fast, precise quiet AF and tracking
",/p/Sony/FE-35mm-f1.4-GM-Lens-193388
47,Sony FE 100-400mm f/4.5-5.6 GM OSS Lens,"£2,149.00","
G Master telephoto zoom lens
Direct Drive SSM
Optical image stabilization
Nano AR Coating
Circular 9-blade aperture
",/p/Sony/FE-100-400mm-f4.5-5.6-GM-OSS-Lens-122982
48,Sony FE 50mm F2.5 G Lens,£629.00,"
Full-frame prime lens
Compact and lightweight design
Ideal for both stills and video
Fast precise and quiet AF
Smooth bokeh
",/p/Sony/FE-50mm-F2.5-G-Lens-194604
49,Sony FE 135mm f/1.8 GM Lens,"£1,599.00","
Full-Frame f/1.8  G Master lens
Front and rear XD linear motors
Fast, precise, quiet AF
XA element and Super ED glass
11-blade circular aperture
",/p/Sony/FE-135mm-f1.8-GM-Lens-169134
50,Sony FE PZ 28-135mm f/4 G OSS Lens,"£1,999.00","
High performance G Series Lens
Constant F4 maximum aperture
High quality moviemaking
Powered zoom
Dust and moisture resistant
",/p/Sony/FE-PZ-28-135mm-f4-G-OSS-Lens-96674
51,Sony FE 24-240mm f/3.5-6.3 OSS Lens,£719.00,"
One lens solution
10x zoom
Optical Steadyshot
Circular 7-blade aperture
Dust and moisture resistant
",/p/Sony/FE-24-240mm-f3.5-6.3-OSS-Lens-96790
52,Epson Expression Photo XP-8600 Multifunctional A4 Printer,£99.00,"
Compact and Versatile
A4 Double Sided and CD/DVD Printing
6 colour Claria HD Inks
Wi-fi and Wi-fi direct printing
Print from Smartphone or tablet
",/p/Epson/Expression-Photo-XP-8600-Multifunctional-A4-Printer-191622
53,instax Link Wide Printer in Ash White,£129.99,"
Crisp wide format prints
Connects via Bluetooth to smartphones
QR mode to add URLs, sounds and message
Various creative printing modes
1600 photo-worthy in-app stickers
",/p/instax/Link-Wide-Printer-in-Ash-White-197418
54,instax Link Wide Printer in Mocha Grey,£129.99,"
Crisp wide format prints
Connects via Bluetooth to smartphones
QR mode to add URLs, sounds and message
Various creative printing modes
1600 photo-worthy in-app stickers
",/p/instax/Link-Wide-Printer-in-Mocha-Grey-197419
55,Epson Expression Photo HD XP-15000 Wireless Inkjet Network Printer - Colour - Duplex,£299.00,"
Professional-looking photos
Wi-Fi& Mobile printing
A4 duplex
CD/DVD Printing
Print up to A3+
",/p/Epson/Expression-Photo-HD-XP-15000-Wireless-Inkjet-Network-Printer---Colour---Duplex-142648
56,Epson Perfection V39 A4 Photo Scanner,£119.00,"
4800dpi Scanning
USB Powered
Scan to cloud
Four 1-touch Buttons
",/p/Epson/Perfection-V39-A4-Photo-Scanner-137804
57,Epson Expression Photo XP-970 Colour Inkjet Multifunction Printer,£229.00,"
Print up to a A3 Size
Scan and Copy up to a A4 size
Wi-fi and Wi-fi Direct
Easy mobile printing
Dual paper trays
",/p/Epson/Expression-Photo-XP-970-Colour-Inkjet-Multifunction-Printer-188509
58,Samsung T40F 24 Inch Full HD IPS Monitor,£119.00,"
1920x1080 Resolution
4MS Response Time
60Hz Refresh Rate
FreeSync
Eye Saver Mode
",/p/Samsung/T40F-24-Inch-Full-HD-IPS-Monitor-196504
59,Epson EcoTank ET-7700 Colour InkJet Multifunction Printer,£539.00,"
Up To 3 Years Worth of Ink in the Box
High-quality photos
Next generation ink filling system
Wi-Fi & apps
3-in-1 with 6.8cm LCD screen
",/p/Epson/EcoTank-ET-7700-Colour-InkJet-Multifunction-Printer-137802
60,Epson EcoTank ET-8550 A3+ All-In-One Printer,£779.00,"
Print, copy and scan
A4 max print size
10.9cm touchscreen
6 ink system
CD/DVD print
",/p/Epson/EcoTank-ET-8550-A3-All-In-One-Printer-194273
61,Canon Pixma G650 Multi-Function Printer,£249.00,"
Print, scan and copy
Photo-quality colour printing
Print from WiFi-enabled devices
Print photos up to A4 size
2 line LCD
",/p/Canon/Pixma-G650-Multi-Function-Printer-195006
62,Canon imagePROGRAF Pro-1000 A2 Colour Inkjet Printer,£999.00,"
Print up to A2 size
Wireless & cloud printing
Professional colour prints
Colour display
High longevity pigment ink
",/p/Canon/imagePROGRAF-Pro-1000-A2-Colour-Inkjet-Printer-97478
63,Epson EcoTank ET-8500 A4 All-In-One Printer,£649.00,"
Print, copy and scan
A4 max print size
10.9cm touchscreen
6 ink system
CD/DVD print
",/p/Epson/EcoTank-ET-8500-A4-All-In-One-Printer-194272
64,Canon PIXMA PRO-200 A3+ Inkjet Printer,£449.00,"
Borderless A3+ printing
Up to 4800dpi
Wi-Fi and Ethernet
Smartphone Ready
8 Separate Inks
",/p/Canon/PIXMA-PRO-200-A3-Inkjet-Printer-191739
65,Canon Pixma G550 Printer,£199.00,"
Photo-quality colour printing
Print photos up to A4 size
Print from WiFi-enabled devices
High page yield
Rear feeding capacity
",/p/Canon/Pixma-G550-Printer-195005
66,Epson FastFoto FF-680W Scanner,£549.00,"
Auto Feed Scanner
30 Photos in 30 seconds
Wifi Scanner
Max scan size 21 x 91cm
",/p/Epson/FastFoto-FF-680W-Scanner-165717
67,instax mini Link Printer in Ash White,£109.00,"
Connects wirelessly to your smartphone
Motion control
Small, lightweight and elegant design
LED indicator
Crisp Credit card sized prints
",/p/instax/mini-Link-Printer-in-Ash-White-180183
68,instax Mini Link Printer in Dark Denim,£109.00,"
Connects wirelessly to your smartphone
Motion control
Small, lightweight and elegant design
LED indicator
Crisp Credit card sized prints
",/p/instax/Mini-Link-Printer-in-Dark-Denim-180182
69,Microsoft Wireless Molbile Mouse 4000,£23.99,"
Compact Wireless mouse
Works up to 30 feet away
Microsoft BlueTrack Technology
10 month battery Life
",/p/Microsoft/Wireless-Molbile-Mouse-4000-192190
70,Apple MacBook Pro 13.3-inch (2020) M1 256GB SSD in Space Grey,"£1,199.00","
RAM: 8 GB / Storage: 256 GB SSD
macOS 11.0 Big Sur
Apple M1 chip
Retina display
Battery life: Up to 20 hours
",/p/Apple/MacBook-Pro-13.3-inch-(2020)-M1-256GB-SSD-in-Space-Grey-192573
71,Apple MacBook Pro 13.3-inch (2020) M1 256GB SSD in Silver,"£1,199.00","
RAM: 8 GB / Storage: 256 GB SSD
macOS 11.0 Big Sur
Apple M1 chip
Retina display
Battery life: Up to 20 hours
",/p/Apple/MacBook-Pro-13.3-inch-(2020)-M1-256GB-SSD-in-Silver-192575
72,Apple MacBook Pro 13.3-inch (2020) M1 512GB SSD in Space Grey,"£1,379.00","
RAM: 8 GB / Storage: 512 GB SSD
macOS 11.0 Big Sur
Apple M1 chip
Retina display
Battery life: Up to 20 hours
",/p/Apple/MacBook-Pro-13.3-inch-(2020)-M1-512GB-SSD-in-Space-Grey-192574
73,SanDisk Extreme SDHC 32GB 90MB/s UHS-I Memory Card,£44.99,"
Storage: 32 GB
Read Speed: up to 90 MB/s
Write Speed: up to 40 MB/s
Video Speed: V30, U3
Form Factor: SDHC
",/p/SanDisk/Extreme-SDHC-32GB-90MBs-UHS-I-Memory-Card-104891
74,SanDisk Extreme Pro SDXC 64GB 170MB/s UHS-I Memory Card,£64.99,"
Capacity: 64GB
Read Speed: up to 170 MB/s
Write Speed: up to 90 MB/s
Video Speed: C10, U3, V30
Waterproof, shock-proof and x-ray-proof
",/p/SanDisk/Extreme-Pro-SDXC-64GB-170MBs-UHS-I-Memory-Card-195181
75,SanDisk Extreme SDXC 64GB 150MB/s UHS-I Memory Card,£59.99,"
Capacity: 64GB
Read Speed: up to 150 MB/s
Write Speed: up to 70 MB/s
Video Speed: C10, U3, V30
",/p/SanDisk/Extreme-SDXC-64GB-150MBs-UHS-I-Memory-Card-167737
76,SanDisk Extreme Pro microSDXC 128GB 170MB/s UHS-I Memory Card with Adapter,£89.99,"
Read Speed: up to 170MB/s
Write Speed: up to 90MB/s
Video Speed: C10, U3, A2, V30
4K Video Recording
",/p/SanDisk/Extreme-Pro-microSDXC-128GB-170MBs-UHS-I-Memory-Card-with-Adapter-159719
77,Canon BG-R10 Battery Grip for EOS R5 and R6 Cameras,£429.00,"
Battery Grip for EOS R5 and EOS R6
Improves handling
Extended Battery Life
Holds up to 2x LP-E6NH batteries
Shutter and control dials
",/p/Canon/BG-R10-Battery-Grip-for-EOS-R5-and-R6-Cameras-189771
78,Hoya Pro ND 1000 Filter 77mm,£208.99,"
ND optical density of 3.0.
Metallic ACCU-ND coating
Hoya's exclusive clear optical glass
 
 
",/p/Hoya/Pro-ND-1000-Filter-77mm-131626
79,SanDisk Extreme PLUS microSDXC 64GB UHS-I Memory Card with SD Adapter,£64.99,"
64GB storage capacity
Records full HD and 4K video
Max read speed of 170 MB/s
Max write speed of 90 MB/s
A2 / Class 10 / UHS-I /  V30 / U3
",/p/SanDisk/Extreme-PLUS-microSDXC-64GB-UHS-I-Memory-Card-with-SD-Adapter-195018
80,DJI Mavic Air 2 ND Filter Set,£55.00,"
ND4 / ND8 / ND32 filters
For DJI Mavic Air 2
Ideal for cloudy or bright conditions
Light reduction of 2 to 5 Stops
High-quality optical materials
",/p/DJI/Mavic-Air-2-ND-Filter-Set-192407
81,Tecno Shoulder Bag - Medium,£14.99,"
Water Resistant Fabric
Soft Lining
Zippered Pockets
Memory Card Storage
Carry Handle
",/p/Tecno/Shoulder-Bag---Medium-99904
82,Sony FE 24-70mm f/4.0 ZA OSS Vario-Tessar T Lens,£749.00,"
Full-frame Lens for E-mount cameras
Carl Zeiss image quality
Constant f/4 aperture
",/p/Sony/FE-24-70mm-f4.0-ZA-OSS-Vario-Tessar-T-Lens-90220
83,Sony FE 50mm f/1.8 Lens,£159.00,"
Capturing stunning portraits at a great price
F1.8 max aperture for low-light shots
7-blade circular aperture
75mm (35mm equivalent) focal length
49mm filter diameter
",/p/Sony/FE-50mm-f1.8-Lens-98112
84,Sony FE 24-70mm f/2.8 GM Lens,"£1,799.00","
G Master series lens with incredible sharpness
Fast standard zoom
Fast, Accurate Focus
Extreme Aspherical element
Nano AR Coating
",/p/Sony/FE-24-70mm-f2.8-GM-Lens-97869
85,SanDisk Extreme SDXC 128GB 150MB/s UHS-I Memory Card,£89.99,"
Capacity: 128GB
Read Speed: up to 150 MB/s
Write Speed: up to 70 MB/s
Video Speed: C10, U3, V30
",/p/SanDisk/Extreme-SDXC-128GB-150MBs-UHS-I-Memory-Card-167727
86,Lenspen Original Lens Cleaner,£14.99,"
Optical lens cleansing
Retractable dust removal
Non-liquid cleaning element
Safe and easy to use
Replenishment cap
",/p/Lenspen/Original-Lens-Cleaner-90397
87,Tecno Gadget Bag,£14.99,"
Outfit Bag
Front and Side Pockets
Shoulder Strap
Water Resistant Fabric
Internally 210x150x170mm
",/p/Tecno/Gadget-Bag-99903
88,instax Colour Film 20 Shot Wide Picture format,£16.99,"
For Fujifilm instax Cameras
Rectangular shape
2 Film pack
",/p/instax/Colour-Film-20-Shot-Wide-Picture-format-12100
89,Sony FE 85mm F1.8 Lens,£499.00,"
Prime Portrait Lens
Super Sonic wave Motor
Fast, precise AF
Dust and moisture resistant
ED (Extra-low Dispersion) glass
",/p/Sony/FE-85mm-F1.8-Lens-119149
90,instax mini Colour Film 20 Shots,£14.99,"
For Fujifilm instax mini Cameras
ISO 800/30
Double exposure mode
",/p/instax/mini-Colour-Film-20-Shots-13217
91,Sony FE 24-105mm F4 G OSS Lens,£999.00,"
E-mount Full Frame format
Constant F4 maximum aperture
Fast, Precise and Quiet Autofocus
Compact and lightweight
Smooth, versatile operation
",/p/Sony/FE-24-105mm-F4-G-OSS-Lens-134213
92,SanDisk Extreme microSDXC 64GB 160MB/s UHS-I Memory Card with Adapter,£59.99,"
Read Speed: up to 160MB/s
Write Speed: up to 60MB/s
Video Speed: C10, U3, A2, V30
4K Video Recording
",/p/SanDisk/Extreme-microSDXC-64GB-160MBs-UHS-I-Memory-Card-with-Adapter-159726
93,Tecno Compact Case - Small,£0.97,"
Water Resistant Fabric
Soft Lining
Memory Card Pouch
Accessory Pocket
Shoulder Strap
",/p/Tecno/Compact-Case---Small-83141
94,Nikon ProStaff 3S 10x42 Binoculars,£149.00,"
Compact and lightweight
Multilayer-coated
Roof Type
10x Magnification
Waterproof and fog-free
",/p/Nikon/ProStaff-3S-10x42-Binoculars-98931
95,Nikon Aculon A30 8X25 Silver Binocular,£59.00,"
Magnification: 8
Rubber coating for comfortable grip
Compact and lightweight
Eco glass optics
Multi layered coating
",/p/Nikon/Aculon-A30-8X25-Silver-Binocular-170862
96,Nikon 10x25 Sportstar EX Binoculars in Black,£79.00,"
Waterproof
Fogproof with Nitrogen Gas
Wide 6.5 Degree Field
Lightweight
Ideal for Hikers
",/p/Nikon/10x25-Sportstar-EX-Binoculars-in-Black-66220
97,Nikon Sportstar Zoom 8-24x25 Black Binocular,£129.00,"
Compact Lightweight
Extra-smooth 8-24x Zoom
Turn-and-slide rubber eyecups
Prism multilayer coated binoculars
Ideal for Sport spectating
",/p/Nikon/Sportstar-Zoom-8-24x25-Black-Binocular-187886
98,Nikon Aculon A211 10-22x50 Zoom Binoculars,£134.99,"
Multilayer-coated lenses
Rubber armouring
Smooth zooming
Large objective lens diameter
Finger-tip zoom
",/p/Nikon/Aculon-A211-10-22x50-Zoom-Binoculars-88912
99,Nikon 10x25 Travelite EX Binoculars,£109.00,"
MCF Binoculars
10x Magnification
25mm Objective
Multi coated optics. Aspherical Lenses
",/p/Nikon/10x25-Travelite-EX-Binoculars-35353
100,Nikon Monarch HG 10x42 Binoculars,£849.00,"
Wide field of view
Multi-layer prism coating
Field Flattener Lens System
ED Glass
Durable, waterproof design
",/p/Nikon/Monarch-HG-10x42-Binoculars-196627
101,Nikon ProStaff 3S 8x42 Binoculars,£139.00,"
Compact and lightweight
Multilayer-coated
Roof Type
8x Magnification
Waterproof and fog-free
",/p/Nikon/ProStaff-3S-8x42-Binoculars-98930
102,Pentax SP 10x50 Waterproof Binoculars,£199.00,"
Fully multi-coated optics
Protective lens coating
Waterproof
Magnesium alloy construction
Nitrogen purged
",/p/Pentax/SP-10x50-Waterproof-Binoculars-195110
103,Nikon Aculon A211 10x42 Binoculars,£99.00,"
Ergonomic lightweight design
Multicoated Eco-Glass Lenses
Rubber coated grip
Turn-and-Slide Rubber Eyecups
",/p/Nikon/Aculon-A211-10x42-Binoculars-89680
104,Olympus 8x40 S Binoculars in Black,£109.00,"
Wide field of view for optimal tracking
High optical performance for sharp images
Lightweight Ergonomic Design
New Rubber Grip for a better hold
Includes 15 year warranty
",/p/Olympus/8x40-S-Binoculars-in-Black-191284
105,Olympus 10x50 S Binoculars in Black,£119.00,"
Wide field of view for optimal tracking
High optical performance for sharp images
Lightweight Ergonomic Design
New Rubber Grip for a better hold
Includes 15 year warranty
",/p/Olympus/10x50-S-Binoculars-in-Black-191285
106,Nikon ProStaff 7S 8x30 Binoculars,£149.00,"
Multilayer-coated
Long eye relief design
Waterproof and fog-free
Lightweight body
Eco-glass optics
",/p/Nikon/ProStaff-7S-8x30-Binoculars-93844
107,Pentax AD 10x25 Waterproof Binoculars with Case,£149.00,"
New fully multi-coated optics
Enhanced light transmission coatings
Protective lens coating
Inner Focus Optics design
Waterproof
",/p/Pentax/AD-10x25-Waterproof-Binoculars-with-Case-195108
108,Nikon 8x25 Sportstar EX Binoculars in Black,£84.00,"
Roof-prism binoculars
Waterproof and fogproof
Multilayer coated lenses
",/p/Nikon/8x25-Sportstar-EX-Binoculars-in-Black-65215
109,Pentax SP 10x50 Binoculars,£109.00,"
Fully multi-coated optics
Protective lens coating
Nitrogen purged
Magnesium alloy construction
Phase correction
",/p/Pentax/SP-10x50-Binoculars-195111
110,Pentax VM 6x21 Waterproof Monocular,£119.00,"
Rubber-coated exterior and seesaw-type focus
A short minimum focusing distance of 70cm
Full multi-coating and phase coating
Washable, waterproof construction
Waterprrof down to 1m
",/p/Pentax/VM-6x21-Waterproof-Monocular-195109
111,Nikon 12x25 Travelite EX Binoculars,£139.99,"
MCF Binoculars
12x Magnification
25mm Objective
Close focusing distance of 2.8m
Multi coated optics. Aspherical lenses
",/p/Nikon/12x25-Travelite-EX-Binoculars-35352
112,Nikon ProStaff 7S 10x42 Binoculars,£199.00,"
10x Magnification
Waterproof and fogproof
Roof Type
Eco-glass optics
",/p/Nikon/ProStaff-7S-10x42-Binoculars-99425
113,Nikon 10x42 Monarch 5 Binoculars,£279.00,"
Rubber armouring
Multilayer prism coating
ED Glass
Water and Fog proof
10x Magnification
",/p/Nikon/10x42-Monarch-5-Binoculars-90756
114,Nikon Monarch M7 8x42 Binoculars,£499.00,"
Stylish and portable
Multi-layer coated lenses and prisms
Waterproof to 1m for 10 minutes
Rubber armoured
Extra-low dispersion (ED) glass
",/p/Nikon/Monarch-M7-8x42-Binoculars-197225
