,Repository Name,UserName,Star_rating,Repositories link
0,three.js,mrdoob,"
          75.1k
",https://github.com/mrdoob
1,libgdx,libgdx,"
          19.1k
",https://github.com/libgdx
2,react-three-fiber,pmndrs,"
          15.4k
",https://github.com/pmndrs
3,Babylon.js,BabylonJS,"
          15.1k
",https://github.com/BabylonJS
4,aframe,aframevr,"
          13.2k
",https://github.com/aframevr
5,tinyrenderer,ssloy,"
          11.5k
",https://github.com/ssloy
6,3d-game-shaders-for-beginners,lettier,"
          11.4k
",https://github.com/lettier
7,FreeCAD,FreeCAD,"
          10.1k
",https://github.com/FreeCAD
8,zdog,metafizzy,"
          8.8k
",https://github.com/metafizzy
9,cesium,CesiumGS,"
          7.6k
",https://github.com/CesiumGS
10,3D-Machine-Learning,timzhang642,"
          7.2k
",https://github.com/timzhang642
11,SpaceshipGenerator,a1studmuffin,"
          6.9k
",https://github.com/a1studmuffin
12,Open3D,isl-org,"
          5.6k
",https://github.com/isl-org
13,spritejs,spritejs,"
          4.6k
",https://github.com/spritejs
14,tensorspace,tensorspace-team,"
          4.5k
",https://github.com/tensorspace-team
15,webglstudio.js,jagenjo,"
          4.5k
",https://github.com/jagenjo
16,BlenderGIS,domlysz,"
          4.5k
",https://github.com/domlysz
17,PRNet,YadiraF,"
          4.4k
",https://github.com/YadiraF
18,vrn,AaronJackson,"
          4.4k
",https://github.com/AaronJackson
19,openscad,openscad,"
          4.3k
",https://github.com/openscad
20,tinyraytracer,ssloy,"
          3.9k
",https://github.com/ssloy
21,magnum,mosra,"
          3.7k
",https://github.com/mosra
22,blender,blender,"
          3.6k
",https://github.com/blender
23,model-viewer,google,"
          3.5k
",https://github.com/google
24,webgl-fundamentals,gfxfundamentals,"
          3.2k
",https://github.com/gfxfundamentals
25,3DDFA,cleardusk,"
          3.1k
",https://github.com/cleardusk
26,isometric-contributions,jasonlong,"
          3k
",https://github.com/jasonlong
27,rg3d,rg3dengine,"
          2.8k
",https://github.com/rg3dengine
28,meshlab,cnr-isti-vclab,"
          2.5k
",https://github.com/cnr-isti-vclab
29,L7,antvis,"
          2.5k
",https://github.com/antvis
30,infinite-scroll,metafizzy,"
          7k
",https://github.com/metafizzy
31,Blog,ljianshu,"
          6.8k
",https://github.com/ljianshu
32,unfetch,developit,"
          5.2k
",https://github.com/developit
33,form,jquery-form,"
          5.1k
",https://github.com/jquery-form
34,tabulator,olifolkerd,"
          4.2k
",https://github.com/olifolkerd
35,elFinder,Studio-42,"
          4.2k
",https://github.com/Studio-42
36,reqwest,ded,"
          2.9k
",https://github.com/ded
37,learn-to-send-email-via-google-script-html-no-server,dwyl,"
          2.7k
",https://github.com/dwyl
38,bliss,LeaVerou,"
          2.3k
",https://github.com/LeaVerou
39,wretch,elbywan,"
          2.3k
",https://github.com/elbywan
40,featherlight,noelboss,"
          2k
",https://github.com/noelboss
41,Ajax-hook,wendux,"
          1.8k
",https://github.com/wendux
42,jquery-confirm,craftpip,"
          1.8k
",https://github.com/craftpip
43,web-interview,yisainan,"
          1.7k
",https://github.com/yisainan
44,sente,ptaoussanis,"
          1.6k
",https://github.com/ptaoussanis
45,Enterprise,joaomilho,"
          1.5k
",https://github.com/joaomilho
46,tracy,nette,"
          1.4k
",https://github.com/nette
47,jeeplatform,u014427391,"
          1.3k
",https://github.com/u014427391
48,pjax,MoOx,"
          1.2k
",https://github.com/MoOx
49,css-spinner,loadingio,"
          1.2k
",https://github.com/loadingio
50,eCommerce,codingforentrepreneurs,"
          1.1k
",https://github.com/codingforentrepreneurs
51,uploader,danielm,"
          1.1k
",https://github.com/danielm
52,render_async,renderedtext,"
          1k
",https://github.com/renderedtext
53,saber,swlib,"
          928
",https://github.com/swlib
54,infinite-ajax-scroll,webcreate,"
          831
",https://github.com/webcreate
55,RestClient,proyecto26,"
          801
",https://github.com/proyecto26
56,opensource-socialnetwork,opensource-socialnetwork,"
          800
",https://github.com/opensource-socialnetwork
57,rapid.js,rapidjs,"
          706
",https://github.com/rapidjs
58,tsrpc,k8w,"
          588
",https://github.com/k8w
59,JavaScriptStudy,csxiaoyaojianxian,"
          581
",https://github.com/csxiaoyaojianxian
60,coding-interview-university,jwasham,"
          196k
",https://github.com/jwasham
61,CS-Notes,CyC2018,"
          141k
",https://github.com/CyC2018
62,javascript-algorithms,trekhleb,"
          125k
",https://github.com/trekhleb
63,Python,TheAlgorithms,"
          121k
",https://github.com/TheAlgorithms
64,tech-interview-handbook,yangshun,"
          60.3k
",https://github.com/yangshun
65,interviews,kdn251,"
          54.3k
",https://github.com/kdn251
66,leetcode,azl397985856,"
          44.7k
",https://github.com/azl397985856
67,Java,TheAlgorithms,"
          41.7k
",https://github.com/TheAlgorithms
68,algorithm-visualizer,algorithm-visualizer,"
          35.7k
",https://github.com/algorithm-visualizer
69,JCSprout,crossoverJie,"
          26.5k
",https://github.com/crossoverJie
70,interactive-coding-challenges,donnemartin,"
          23.9k
",https://github.com/donnemartin
71,LeetCode-Go,halfrost,"
          20.9k
",https://github.com/halfrost
72,interview,huihut,"
          20.9k
",https://github.com/huihut
73,algorithms,keon,"
          19.9k
",https://github.com/keon
74,homemade-machine-learning,trekhleb,"
          18.5k
",https://github.com/trekhleb
75,leetcode-master,youngyangyang04,"
          17.3k
",https://github.com/youngyangyang04
76,WaveFunctionCollapse,mxgmn,"
          16.9k
",https://github.com/mxgmn
77,C-Plus-Plus,TheAlgorithms,"
          16.2k
",https://github.com/TheAlgorithms
78,Javascript,TheAlgorithms,"
          15.5k
",https://github.com/TheAlgorithms
79,PythonRobotics,AtsushiSakai,"
          13.5k
",https://github.com/AtsushiSakai
80,cosmos,OpenGenus,"
          12.9k
",https://github.com/OpenGenus
81,algorithm-pattern,greyireland,"
          12.8k
",https://github.com/greyireland
82,Algorithms,williamfiset,"
          11.1k
",https://github.com/williamfiset
83,apachecn-algo-zh,apachecn,"
          10.4k
",https://github.com/apachecn
84,Halfrost-Field,halfrost,"
          9.6k
",https://github.com/halfrost
85,awesome-competitive-programming,lnishan,"
          8.9k
",https://github.com/lnishan
86,awesome-java-leetcode,Blankj,"
          8.2k
",https://github.com/Blankj
87,algorithms,jeffgerickson,"
          7.4k
",https://github.com/jeffgerickson
88,vscode-leetcode,LeetCode-OpenSource,"
          6.9k
",https://github.com/LeetCode-OpenSource
89,javascript-algorithms,mgechev,"
          6.9k
",https://github.com/mgechev
90,amp,amphp,"
          3.4k
",https://github.com/amphp
91,MadelineProto,danog,"
          1.7k
",https://github.com/danog
92,http-server,amphp,"
          1.1k
",https://github.com/amphp
93,telegram-api,unreal4u,"
          676
",https://github.com/unreal4u
94,http-client,amphp,"
          580
",https://github.com/amphp
95,parallel,amphp,"
          526
",https://github.com/amphp
96,service-bus,php-service-bus,"
          303
",https://github.com/php-service-bus
97,mysql,amphp,"
          249
",https://github.com/amphp
98,byte-stream,amphp,"
          247
",https://github.com/amphp
99,parallel-functions,amphp,"
          200
",https://github.com/amphp
100,process,amphp,"
          141
",https://github.com/amphp
101,socket,amphp,"
          136
",https://github.com/amphp
102,redis,amphp,"
          118
",https://github.com/amphp
103,acme,kelunik,"
          104
",https://github.com/kelunik
104,dns,amphp,"
          95
",https://github.com/amphp
105,websocket-client,amphp,"
          92
",https://github.com/amphp
106,mailgrab,PeeHaa,"
          91
",https://github.com/PeeHaa
107,sync,amphp,"
          84
",https://github.com/amphp
108,asynit,jolicode,"
          67
",https://github.com/jolicode
109,websocket-server,amphp,"
          65
",https://github.com/amphp
110,postgres,amphp,"
          59
",https://github.com/amphp
111,file,amphp,"
          58
",https://github.com/amphp
112,cache,amphp,"
          57
",https://github.com/amphp
113,beanstalk,amphp,"
          55
",https://github.com/amphp
114,serialization,amphp,"
          53
",https://github.com/amphp
115,windows-registry,amphp,"
          53
",https://github.com/amphp
116,hpack,amphp,"
          51
",https://github.com/amphp
117,ridge,phpinnacle,"
          43
",https://github.com/phpinnacle
118,aerys,amphp,"
          41
",https://github.com/amphp
119,Jeeves,Room-11,"
          40
",https://github.com/Room-11
120,flutter,flutter,"
          131k
",https://github.com/flutter
121,free-programming-books-zh_CN,justjavac,"
          83.6k
",https://github.com/justjavac
122,scrcpy,Genymobile,"
          56.1k
",https://github.com/Genymobile
123,Awesome-Hacking,Hack-with-Github,"
          47.4k
",https://github.com/Hack-with-Github
124,material-design-icons,google,"
          44.2k
",https://github.com/google
125,awesome-android-ui,wasabeef,"
          41.5k
",https://github.com/wasabeef
126,okhttp,square,"
          41k
",https://github.com/square
127,architecture-samples,android,"
          39.7k
",https://github.com/android
128,retrofit,square,"
          38.9k
",https://github.com/square
129,awesome-flutter,Solido,"
          37.9k
",https://github.com/Solido
130,MPAndroidChart,PhilJay,"
          34.1k
",https://github.com/PhilJay
131,fastlane,fastlane,"
          33.1k
",https://github.com/fastlane
132,shadowsocks-android,shadowsocks,"
          32k
",https://github.com/shadowsocks
133,lottie-android,airbnb,"
          32k
",https://github.com/airbnb
134,glide,bumptech,"
          31.9k
",https://github.com/bumptech
135,android-open-project,Trinea,"
          30.8k
",https://github.com/Trinea
136,AndroidUtilCode,Blankj,"
          30k
",https://github.com/Blankj
137,gold-miner,xitu,"
          29.6k
",https://github.com/xitu
138,ijkplayer,bilibili,"
          29.5k
",https://github.com/bilibili
139,zxing,zxing,"
          28.5k
",https://github.com/zxing
140,android_guides,codepath,"
          27.6k
",https://github.com/codepath
141,jadx,skylot,"
          27.5k
",https://github.com/skylot
142,leakcanary,square,"
          26.9k
",https://github.com/square
143,joplin,laurent22,"
          25.8k
",https://github.com/laurent22
144,fastjson,alibaba,"
          23.9k
",https://github.com/alibaba
145,SmartRefreshLayout,scwang90,"
          23.1k
",https://github.com/scwang90
146,BaseRecyclerViewAdapterHelper,CymChad,"
          22.4k
",https://github.com/CymChad
147,react-native-elements,react-native-elements,"
          21.5k
",https://github.com/react-native-elements
148,iosched,google,"
          20.9k
",https://github.com/google
149,NativeScript,NativeScript,"
          20.6k
",https://github.com/NativeScript
150,free-programming-books-zh_CN,justjavac,"
          83.6k
",https://github.com/justjavac
151,angular,angular,"
          77.2k
",https://github.com/angular
152,storybook,storybookjs,"
          65.5k
",https://github.com/storybookjs
153,ionic-framework,ionic-team,"
          45.5k
",https://github.com/ionic-team
154,33-js-concepts,leonardomso,"
          44.4k
",https://github.com/leonardomso
155,prettier,prettier,"
          40.8k
",https://github.com/prettier
156,sheetjs,SheetJS,"
          27.8k
",https://github.com/SheetJS
157,angular-cli,angular,"
          25k
",https://github.com/angular
158,components,angular,"
          22.2k
",https://github.com/angular
159,NativeScript,NativeScript,"
          20.6k
",https://github.com/NativeScript
160,tabby,Eugeny,"
          19.7k
",https://github.com/Eugeny
161,generator-jhipster,jhipster,"
          19k
",https://github.com/jhipster
162,handsontable,handsontable,"
          15.8k
",https://github.com/handsontable
163,bit,teambit,"
          14.2k
",https://github.com/teambit
164,sweetalert2,sweetalert2,"
          13.7k
",https://github.com/sweetalert2
165,javascript-testing-best-practices,goldbergyoni,"
          13.5k
",https://github.com/goldbergyoni
166,mean,linnovate,"
          12.1k
",https://github.com/linnovate
167,coreui-free-bootstrap-admin-template,coreui,"
          11k
",https://github.com/coreui
168,codesandbox-client,codesandbox,"
          11k
",https://github.com/codesandbox
169,angular-starter,PatrickJS,"
          10.4k
",https://github.com/PatrickJS
170,PeerTube,Chocobozzz,"
          9.8k
",https://github.com/Chocobozzz
171,nx,nrwl,"
          8.9k
",https://github.com/nrwl
172,protractor,angular,"
          8.8k
",https://github.com/angular
173,OnsenUI,OnsenUI,"
          8.5k
",https://github.com/OnsenUI
174,awesome-angular,PatrickJS,"
          8.1k
",https://github.com/PatrickJS
175,text-mask,text-mask,"
          8.1k
",https://github.com/text-mask
176,ng-bootstrap,ng-bootstrap,"
          7.8k
",https://github.com/ng-bootstrap
177,ng-zorro-antd,NG-ZORRO,"
          7.7k
",https://github.com/NG-ZORRO
178,graphql-code-generator,dotansimha,"
          7.7k
",https://github.com/dotansimha
179,ag-grid,ag-grid,"
          7.7k
",https://github.com/ag-grid
180,ansible,ansible,"
          50.4k
",https://github.com/ansible
181,algo,trailofbits,"
          23.8k
",https://github.com/trailofbits
182,streisand,StreisandEffect,"
          22.6k
",https://github.com/StreisandEffect
183,devops-exercises,bregman-arie,"
          17.6k
",https://github.com/bregman-arie
184,kubespray,kubernetes-sigs,"
          11.3k
",https://github.com/kubernetes-sigs
185,awx,ansible,"
          10.3k
",https://github.com/ansible
186,kubeasz,easzlab,"
          7.5k
",https://github.com/easzlab
187,ansible-for-devops,geerlingguy,"
          5.1k
",https://github.com/geerlingguy
188,semaphore,ansible-semaphore,"
          4.4k
",https://github.com/ansible-semaphore
189,rundeck,rundeck,"
          4.4k
",https://github.com/rundeck
190,mac-dev-playbook,geerlingguy,"
          4k
",https://github.com/geerlingguy
191,DevOps-Guide,Tikam02,"
          4k
",https://github.com/Tikam02
192,KubeOperator,KubeOperator,"
          4k
",https://github.com/KubeOperator
193,molecule,ansible-community,"
          3.2k
",https://github.com/ansible-community
194,DetectionLab,clong,"
          3.1k
",https://github.com/clong
195,opendevops,opendevops-cn,"
          2.9k
",https://github.com/opendevops-cn
196,OpsManage,welliamcao,"
          2.8k
",https://github.com/welliamcao
197,werf,werf,"
          2.7k
",https://github.com/werf
198,netboot.xyz,netbootxyz,"
          2.6k
",https://github.com/netbootxyz
199,ansible-lint,ansible-community,"
          2.6k
",https://github.com/ansible-community
200,ansible-collection-hardening,dev-sec,"
          2.5k
",https://github.com/dev-sec
201,chrome-aws-lambda,alixaxel,"
          2.4k
",https://github.com/alixaxel
202,trellis,roots,"
          2.3k
",https://github.com/roots
203,litmus,litmuschaos,"
          2.2k
",https://github.com/litmuschaos
204,deploy,ansistrano,"
          2.1k
",https://github.com/ansistrano
205,openshift-ansible,openshift,"
          2k
",https://github.com/openshift
206,ansible-cmdb,fboender,"
          2k
",https://github.com/fboender
207,pytest-testinfra,pytest-dev,"
          2k
",https://github.com/pytest-dev
208,ansible-tuto,leucos,"
          1.9k
",https://github.com/leucos
209,infrastructure-as-code-tutorial,Artemmkin,"
          1.9k
",https://github.com/Artemmkin
210,public-apis,public-apis,"
          165k
",https://github.com/public-apis
211,httpie,httpie,"
          52.5k
",https://github.com/httpie
212,neovim,neovim,"
          47.8k
",https://github.com/neovim
213,strapi,strapi,"
          40.5k
",https://github.com/strapi
214,fastapi,tiangolo,"
          37.2k
",https://github.com/tiangolo
215,slate,slatedocs,"
          33.3k
",https://github.com/slatedocs
216,hoppscotch,hoppscotch,"
          32.3k
",https://github.com/hoppscotch
217,graphql-engine,hasura,"
          24.2k
",https://github.com/hasura
218,yapi,YMFE,"
          22.8k
",https://github.com/YMFE
219,django-rest-framework,encode,"
          22.1k
",https://github.com/encode
220,ItChat,littlecodersh,"
          21.8k
",https://github.com/littlecodersh
221,NeteaseCloudMusicApi,Binaryify,"
          21.7k
",https://github.com/Binaryify
222,ccxt,ccxt,"
          21.6k
",https://github.com/ccxt
223,normalizr,paularmstrong,"
          20.6k
",https://github.com/paularmstrong
224,security-guide-for-developers,FallibleInc,"
          19.9k
",https://github.com/FallibleInc
225,insomnia,Kong,"
          18.2k
",https://github.com/Kong
226,api-guidelines,microsoft,"
          17.7k
",https://github.com/microsoft
227,API-Security-Checklist,shieldfy,"
          16.1k
",https://github.com/shieldfy
228,learn-anything,learn-anything,"
          13.4k
",https://github.com/learn-anything
229,wxpy,youfou,"
          13k
",https://github.com/youfou
230,directus,directus,"
          12.5k
",https://github.com/directus
231,jsdoc,jsdoc,"
          12.4k
",https://github.com/jsdoc
232,brain.js,BrainJS,"
          12.3k
",https://github.com/BrainJS
233,web3.js,ChainSafe,"
          11.7k
",https://github.com/ChainSafe
234,postgraphile,graphile,"
          10.8k
",https://github.com/graphile
235,micro,micro,"
          10.6k
",https://github.com/micro
236,chi,go-chi,"
          10.3k
",https://github.com/go-chi
237,httpbin,postmanlabs,"
          10.3k
",https://github.com/postmanlabs
238,openapi-generator,OpenAPITools,"
          10k
",https://github.com/OpenAPITools
239,showdoc,star7th,"
          9.9k
",https://github.com/star7th
240,Tasmota,arendst,"
          16.3k
",https://github.com/arendst
241,johnny-five,rwaldron,"
          12.4k
",https://github.com/rwaldron
242,Arduino,arduino,"
          12.1k
",https://github.com/arduino
243,Marlin,MarlinFirmware,"
          12k
",https://github.com/MarlinFirmware
244,esp8266_deauther,SpacehuhnTech,"
          9.1k
",https://github.com/SpacehuhnTech
245,tinygo,tinygo-org,"
          8.8k
",https://github.com/tinygo-org
246,arduino-esp32,espressif,"
          7.5k
",https://github.com/espressif
247,gobot,hybridgroup,"
          7.4k
",https://github.com/hybridgroup
248,lowlevelprogramming-university,gurugio,"
          7.1k
",https://github.com/gurugio
249,platformio-core,platformio,"
          5.4k
",https://github.com/platformio
250,ArduinoJson,bblanchon,"
          5.4k
",https://github.com/bblanchon
251,WiFiManager,tzapu,"
          4.8k
",https://github.com/tzapu
252,cylon,hybridgroup,"
          3.8k
",https://github.com/hybridgroup
253,Arduino-IRremote,Arduino-IRremote,"
          3.4k
",https://github.com/Arduino-IRremote
254,blynk-library,blynkkk,"
          3.3k
",https://github.com/blynkkk
255,arduino-cli,arduino,"
          3.1k
",https://github.com/arduino
256,nectarjs,NectarJS,"
          3.1k
",https://github.com/NectarJS
257,u8g2,olikraus,"
          2.6k
",https://github.com/olikraus
258,PJON,gioblu,"
          2.6k
",https://github.com/gioblu
259,OpenMQTTGateway,1technophile,"
          2.3k
",https://github.com/1technophile
260,audio-reactive-led-strip,scottlawsonbc,"
          2.2k
",https://github.com/scottlawsonbc
261,OpenBot,isl-org,"
          2k
",https://github.com/isl-org
262,IRremoteESP8266,crankyoldgit,"
          1.9k
",https://github.com/crankyoldgit
263,Serial-Studio,Serial-Studio,"
          1.9k
",https://github.com/Serial-Studio
264,splitflap,scottbez1,"
          1.9k
",https://github.com/scottbez1
265,RF24,nRF24,"
          1.8k
",https://github.com/nRF24
266,Arduino_Core_STM32,stm32duino,"
          1.7k
",https://github.com/stm32duino
267,esp8266-oled-ssd1306,ThingPulse,"
          1.6k
",https://github.com/ThingPulse
268,blinker-library,blinker-iot,"
          1.5k
",https://github.com/blinker-iot
269,TFT_eSPI,Bodmer,"
          1.5k
",https://github.com/Bodmer
270,aspnetboilerplate,aspnetboilerplate,"
          9.9k
",https://github.com/aspnetboilerplate
271,AspNetCore.Docs,dotnet,"
          9.8k
",https://github.com/dotnet
272,server,bitwarden,"
          8.5k
",https://github.com/bitwarden
273,nopCommerce,nopSolutions,"
          6.7k
",https://github.com/nopSolutions
274,Electron.NET,ElectronNET,"
          6k
",https://github.com/ElectronNET
275,NSwag,RicoSuter,"
          4.7k
",https://github.com/RicoSuter
276,clean-code-dotnet,thangchung,"
          4.2k
",https://github.com/thangchung
277,ImageProcessor,JimBobSquarePants,"
          2.4k
",https://github.com/JimBobSquarePants
278,SmartStoreNET,smartstore,"
          2.3k
",https://github.com/smartstore
279,aspnet-api-versioning,dotnet,"
          2.1k
",https://github.com/dotnet
280,BaGet,loic-sharma,"
          1.8k
",https://github.com/loic-sharma
281,aspnetcore-angular-universal,TrilonIO,"
          1.5k
",https://github.com/TrilonIO
282,Awesome-Microservices-NetCore,mjebrahimi,"
          1.4k
",https://github.com/mjebrahimi
283,aspnetcore-Vue-starter,TrilonIO,"
          1.2k
",https://github.com/TrilonIO
284,DncZeus,lampo1024,"
          1.2k
",https://github.com/lampo1024
285,csla,MarimerLLC,"
          953
",https://github.com/MarimerLLC
286,dotvvm,riganti,"
          567
",https://github.com/riganti
287,aspnet-core-3-jwt-authentication-api,cornflourblue,"
          559
",https://github.com/cornflourblue
288,SharPyShell,antonioCoco,"
          482
",https://github.com/antonioCoco
289,mvcarchitecture,chsakell,"
          448
",https://github.com/chsakell
290,Gofer.NET,brthor,"
          416
",https://github.com/brthor
291,YAFNET,YAFNET,"
          407
",https://github.com/YAFNET
292,rrod,Maarten88,"
          377
",https://github.com/Maarten88
293,SapphireDb,SapphireDb,"
          353
",https://github.com/SapphireDb
294,BlazorTable,IvanJosipovic,"
          344
",https://github.com/IvanJosipovic
295,WebMarkupMin,Taritsyn,"
          335
",https://github.com/Taritsyn
296,aspnet-core-identity,chsakell,"
          301
",https://github.com/chsakell
297,aspnetcore-vueclimiddleware,EEParker,"
          294
",https://github.com/EEParker
298,datatables.aspnet,ALMMa,"
          283
",https://github.com/ALMMa
299,aspnet-core-jwt-authentication-api,cornflourblue,"
          276
",https://github.com/cornflourblue
300,atom,atom,"
          56.2k
",https://github.com/atom
301,themer,themerdev,"
          4.4k
",https://github.com/themerdev
302,hydrogen,nteract,"
          3.7k
",https://github.com/nteract
303,markdown-preview-enhanced,shd101wyy,"
          3.4k
",https://github.com/shd101wyy
304,v2,miniflux,"
          3.1k
",https://github.com/miniflux
305,teletype,atom,"
          2.3k
",https://github.com/atom
306,awesome-atom,mehcode,"
          1.9k
",https://github.com/mehcode
307,gofeed,mmcdole,"
          1.7k
",https://github.com/mmcdole
308,go-plus,joefitzgerald,"
          1.5k
",https://github.com/joefitzgerald
309,atom-beautify,Glavin001,"
          1.5k
",https://github.com/Glavin001
310,simplepie,simplepie,"
          1.4k
",https://github.com/simplepie
311,atom-vim-mode-plus,t9md,"
          1.4k
",https://github.com/t9md
312,merlin,ocaml,"
          1.4k
",https://github.com/ocaml
313,feedparser,kurtmckee,"
          1.3k
",https://github.com/kurtmckee
314,MagicPython,MagicStack,"
          1.3k
",https://github.com/MagicStack
315,apm,atom,"
          1.2k
",https://github.com/atom
316,atom,file-icons,"
          1.2k
",https://github.com/file-icons
317,atomic-layout,kettanaito,"
          1k
",https://github.com/kettanaito
318,github,atom,"
          965
",https://github.com/atom
319,FeedKit,nmdias,"
          935
",https://github.com/nmdias
320,atomic-chrome,danhper,"
          929
",https://github.com/danhper
321,atom-one-dark-terminal,nathanbuchar,"
          924
",https://github.com/nathanbuchar
322,seti-ui,jesseweed,"
          876
",https://github.com/jesseweed
323,kotlin-language-server,fwcd,"
          788
",https://github.com/fwcd
324,prettier-atom,prettier,"
          765
",https://github.com/prettier
325,lucario,raphamorim,"
          727
",https://github.com/raphamorim
326,atom-script,atom-community,"
          724
",https://github.com/atom-community
327,cypht,jasonmunro,"
          674
",https://github.com/jasonmunro
328,jekyll-feed,jekyll,"
          665
",https://github.com/jekyll
329,liferea,lwindolf,"
          656
",https://github.com/lwindolf
330,awesome,sindresorhus,"
          173k
",https://github.com/sindresorhus
331,awesome-python,vinta,"
          105k
",https://github.com/vinta
332,awesome-go,avelino,"
          69.6k
",https://github.com/avelino
333,awesome-selfhosted,awesome-selfhosted,"
          66.4k
",https://github.com/awesome-selfhosted
334,the-book-of-secret-knowledge,trimstray,"
          50.9k
",https://github.com/trimstray
335,papers-we-love,papers-we-love,"
          49.8k
",https://github.com/papers-we-love
336,HelloGitHub,521xueweihan,"
          47.7k
",https://github.com/521xueweihan
337,Awesome-Hacking,Hack-with-Github,"
          47.4k
",https://github.com/Hack-with-Github
338,awesome-mac,jaywcjlove,"
          45.8k
",https://github.com/jaywcjlove
339,awesome-interview-questions,DopplerHQ,"
          43.9k
",https://github.com/DopplerHQ
340,awesome-nodejs,sindresorhus,"
          42.8k
",https://github.com/sindresorhus
341,awesome-android-ui,wasabeef,"
          41.5k
",https://github.com/wasabeef
342,awesome-ios,vsouza,"
          38.5k
",https://github.com/vsouza
343,awesome-courses,prakhar1989,"
          38.4k
",https://github.com/prakhar1989
344,awesome-flutter,Solido,"
          37.9k
",https://github.com/Solido
345,awesome-scalability,binhnguyennus,"
          36.2k
",https://github.com/binhnguyennus
346,awesome-for-beginners,MunGell,"
          35.9k
",https://github.com/MunGell
347,awesome-cpp,fffaraz,"
          34.1k
",https://github.com/fffaraz
348,github-cheat-sheet,tiimgreen,"
          33.3k
",https://github.com/tiimgreen
349,frontend-dev-bookmarks,dypsilon,"
          32.7k
",https://github.com/dypsilon
350,awesome-java,akullpp,"
          30.4k
",https://github.com/akullpp
351,open-source-ios-apps,dkhamsing,"
          28.4k
",https://github.com/dkhamsing
352,open-source-mac-os-apps,serhii-londar,"
          28.4k
",https://github.com/serhii-londar
353,awesome-react-components,brillout,"
          28.3k
",https://github.com/brillout
354,awesome-php,ziadoz,"
          25.9k
",https://github.com/ziadoz
355,awesome-macos-command-line,herrbischoff,"
          25.6k
",https://github.com/herrbischoff
356,Awesome-Design-Tools,goabstract,"
          23.5k
",https://github.com/goabstract
357,awesome-rust,rust-unofficial,"
          22.3k
",https://github.com/rust-unofficial
358,awesome-shell,alebcay,"
          22.3k
",https://github.com/alebcay
359,awesome-electron,sindresorhus,"
          22.1k
",https://github.com/sindresorhus
360,serverless,serverless,"
          41k
",https://github.com/serverless
361,localstack,localstack,"
          35.9k
",https://github.com/localstack
362,data-science-ipython-notebooks,donnemartin,"
          21.8k
",https://github.com/donnemartin
363,devops-exercises,bregman-arie,"
          17.6k
",https://github.com/bregman-arie
364,awesome-kubernetes,ramitsurana,"
          12.2k
",https://github.com/ramitsurana
365,aws-cli,aws,"
          11.6k
",https://github.com/aws
366,kubespray,kubernetes-sigs,"
          11.3k
",https://github.com/kubernetes-sigs
367,pulumi,pulumi,"
          10.3k
",https://github.com/pulumi
368,awesome-aws,donnemartin,"
          9.8k
",https://github.com/donnemartin
369,cas,apereo,"
          9k
",https://github.com/apereo
370,amplify-js,aws-amplify,"
          8.5k
",https://github.com/aws-amplify
371,sops,mozilla,"
          8.4k
",https://github.com/mozilla
372,up,apex,"
          8.4k
",https://github.com/apex
373,chalice,aws,"
          8.4k
",https://github.com/aws
374,serverless-application-model,aws,"
          8.2k
",https://github.com/aws
375,go-cloud,google,"
          8k
",https://github.com/google
376,caprover,caprover,"
          7.8k
",https://github.com/caprover
377,aws-cdk,aws,"
          7.7k
",https://github.com/aws
378,cortex,cortexlabs,"
          7.6k
",https://github.com/cortexlabs
379,aws-sdk-go,aws,"
          7.2k
",https://github.com/aws
380,openvpn-install,angristan,"
          6.9k
",https://github.com/angristan
381,aws-sdk-js,aws,"
          6.8k
",https://github.com/aws
382,boto3,boto,"
          6.8k
",https://github.com/boto
383,terraform-provider-aws,hashicorp,"
          6.4k
",https://github.com/hashicorp
384,aws-shell,awslabs,"
          6.3k
",https://github.com/awslabs
385,amazon-sagemaker-examples,aws,"
          6.2k
",https://github.com/aws
386,terraformer,GoogleCloudPlatform,"
          5.9k
",https://github.com/GoogleCloudPlatform
387,aws-sam-cli,aws,"
          5.8k
",https://github.com/aws
388,terratest,gruntwork-io,"
          5.7k
",https://github.com/gruntwork-io
389,dev-setup,donnemartin,"
          5.5k
",https://github.com/donnemartin
390,devops-exercises,bregman-arie,"
          17.6k
",https://github.com/bregman-arie
391,awesome-kubernetes,ramitsurana,"
          12.2k
",https://github.com/ramitsurana
392,recommenders,microsoft,"
          11.5k
",https://github.com/microsoft
393,azure-quickstart-templates,Azure,"
          11k
",https://github.com/Azure
394,pulumi,pulumi,"
          10.3k
",https://github.com/pulumi
395,sops,mozilla,"
          8.4k
",https://github.com/mozilla
396,computervision-recipes,microsoft,"
          8.1k
",https://github.com/microsoft
397,go-cloud,google,"
          8k
",https://github.com/google
398,caprover,caprover,"
          7.8k
",https://github.com/caprover
399,azuredatastudio,microsoft,"
          6.5k
",https://github.com/microsoft
400,formidable,node-formidable,"
          6k
",https://github.com/node-formidable
401,midway,midwayjs,"
          4.9k
",https://github.com/midwayjs
402,clean-code-dotnet,thangchung,"
          4.2k
",https://github.com/thangchung
403,infracost,infracost,"
          4.2k
",https://github.com/infracost
404,docker-android,budtmo,"
          3.9k
",https://github.com/budtmo
405,cloud-custodian,cloud-custodian,"
          3.9k
",https://github.com/cloud-custodian
406,ScoutSuite,nccgroup,"
          3.6k
",https://github.com/nccgroup
407,grant,simov,"
          3.5k
",https://github.com/simov
408,tfsec,aquasecurity,"
          3.4k
",https://github.com/aquasecurity
409,checkov,bridgecrewio,"
          3.4k
",https://github.com/bridgecrewio
410,engine,Qovery,"
          3.3k
",https://github.com/Qovery
411,azure-sdk-for-net,Azure,"
          3k
",https://github.com/Azure
412,terraform-provider-azurerm,hashicorp,"
          2.9k
",https://github.com/hashicorp
413,azure-powershell,Azure,"
          2.8k
",https://github.com/Azure
414,azure-cli,Azure,"
          2.8k
",https://github.com/Azure
415,MachineLearningNotebooks,Azure,"
          2.7k
",https://github.com/Azure
416,komiser,mlabouardy,"
          2.7k
",https://github.com/mlabouardy
417,openapi-directory,APIs-guru,"
          2.6k
",https://github.com/APIs-guru
418,SynapseML,microsoft,"
          2.5k
",https://github.com/microsoft
419,SmartStoreNET,smartstore,"
          2.3k
",https://github.com/smartstore
420,babel,babel,"
          39.8k
",https://github.com/babel
421,nylas-mail,nylas,"
          24.6k
",https://github.com/nylas
422,react-starter-kit,kriasoft,"
          21k
",https://github.com/kriasoft
423,ava,avajs,"
          19.4k
",https://github.com/avajs
424,electron-react-boilerplate,electron-react-boilerplate,"
          18.4k
",https://github.com/electron-react-boilerplate
425,swc,swc-project,"
          15.8k
",https://github.com/swc-project
426,electron-vue,SimulatedGREG,"
          14.5k
",https://github.com/SimulatedGREG
427,front-end-guide,grab,"
          14k
",https://github.com/grab
428,babel-handbook,jamiebuilds,"
          10.4k
",https://github.com/jamiebuilds
429,grommet,grommet,"
          7.6k
",https://github.com/grommet
430,htm,developit,"
          7.2k
",https://github.com/developit
431,generator-angular-fullstack,angular-fullstack,"
          6.1k
",https://github.com/angular-fullstack
432,documentation,documentationjs,"
          5.4k
",https://github.com/documentationjs
433,nwb,insin,"
          5.4k
",https://github.com/insin
434,poi,egoist,"
          5.3k
",https://github.com/egoist
435,thinkjs,thinkjs,"
          5.3k
",https://github.com/thinkjs
436,twin.macro,ben-rogerson,"
          4.8k
",https://github.com/ben-rogerson
437,babel-loader,babel,"
          4.5k
",https://github.com/babel
438,create-react-library,transitive-bullshit,"
          4.5k
",https://github.com/transitive-bullshit
439,backpack,jaredpalmer,"
          4.5k
",https://github.com/jaredpalmer
440,react,duxianwei520,"
          4.4k
",https://github.com/duxianwei520
441,minify,babel,"
          4.3k
",https://github.com/babel
442,astexplorer,fkling,"
          4.2k
",https://github.com/fkling
443,babel-plugin-module-resolver,tleunen,"
          3.1k
",https://github.com/tleunen
444,webpack-blocks,andywer,"
          3k
",https://github.com/andywer
445,babel-eslint,babel,"
          3k
",https://github.com/babel
446,express-mongoose-es6-rest-api,kunalkapadia,"
          2.8k
",https://github.com/kunalkapadia
447,react-course,uidotdev,"
          2.5k
",https://github.com/uidotdev
448,react-pwa,Atyantik,"
          2.4k
",https://github.com/Atyantik
449,babel-plugin-macros,kentcdodds,"
          2.3k
",https://github.com/kentcdodds
450,the-art-of-command-line,jlevy,"
          97.8k
",https://github.com/jlevy
451,nvm,nvm-sh,"
          52.4k
",https://github.com/nvm-sh
452,fzf,junegunn,"
          39.8k
",https://github.com/junegunn
453,pure-bash-bible,dylanaraps,"
          27.9k
",https://github.com/dylanaraps
454,dotfiles,mathiasbynens,"
          27k
",https://github.com/mathiasbynens
455,shellcheck,koalaman,"
          26.4k
",https://github.com/koalaman
456,awesome-cheatsheets,LeCoupa,"
          25.2k
",https://github.com/LeCoupa
457,acme.sh,acmesh-official,"
          24k
",https://github.com/acmesh-official
458,awesome-shell,alebcay,"
          22.3k
",https://github.com/alebcay
459,starship,starship,"
          19.2k
",https://github.com/starship
460,linux-command,jaywcjlove,"
          17k
",https://github.com/jaywcjlove
461,openvpn-install,Nyr,"
          13.9k
",https://github.com/Nyr
462,neofetch,dylanaraps,"
          13.2k
",https://github.com/dylanaraps
463,powerline,powerline,"
          12.9k
",https://github.com/powerline
464,shelljs,shelljs,"
          12.8k
",https://github.com/shelljs
465,bash-it,Bash-it,"
          12.6k
",https://github.com/Bash-it
466,terminalizer,faressoft,"
          12k
",https://github.com/faressoft
467,dockerfiles,jessfraz,"
          11.3k
",https://github.com/jessfraz
468,navi,denisidoro,"
          9.9k
",https://github.com/denisidoro
469,TabNine,codota,"
          8.7k
",https://github.com/codota
470,m-cli,rgcr,"
          8.6k
",https://github.com/rgcr
471,Bash-Snippets,alexanderepstein,"
          8.5k
",https://github.com/alexanderepstein
472,mal,kanaka,"
          8.2k
",https://github.com/kanaka
473,direnv,direnv,"
          8k
",https://github.com/direnv
474,awesome-cheatsheets,skywind3000,"
          7.7k
",https://github.com/skywind3000
475,openvpn-install,angristan,"
          6.9k
",https://github.com/angristan
476,autocomplete,withfig,"
          6.8k
",https://github.com/withfig
477,PEASS-ng,carlospolop,"
          6.7k
",https://github.com/carlospolop
478,Gogh,Mayccoll,"
          6.3k
",https://github.com/Mayccoll
479,enquirer,enquirer,"
          6.2k
",https://github.com/enquirer
480,bitcoin,bitcoin,"
          58.1k
",https://github.com/bitcoin
481,ccxt,ccxt,"
          21.6k
",https://github.com/ccxt
482,ZeroNet,HelloZeroNet,"
          17.1k
",https://github.com/HelloZeroNet
483,freqtrade,freqtrade,"
          12.8k
",https://github.com/freqtrade
484,gekko,askmike,"
          9.8k
",https://github.com/askmike
485,abu,bbfamily,"
          8.4k
",https://github.com/bbfamily
486,lbry-sdk,lbryio,"
          7.1k
",https://github.com/lbryio
487,blockchain,dvf,"
          6.3k
",https://github.com/dvf
488,blockchain_guide,yeasy,"
          5.8k
",https://github.com/yeasy
489,lnd,lightningnetwork,"
          5.5k
",https://github.com/lightningnetwork
490,blackbird,butor,"
          5.4k
",https://github.com/butor
491,electrum,spesmilo,"
          5.2k
",https://github.com/spesmilo
492,solana,solana-labs,"
          4.6k
",https://github.com/solana-labs
493,btcd,btcsuite,"
          4.5k
",https://github.com/btcsuite
494,bitcoinjs-lib,bitcoinjs,"
          4.3k
",https://github.com/bitcoinjs
495,bitcoinj,bitcoinj,"
          4.1k
",https://github.com/bitcoinj
496,bisq,bisq-network,"
          3.7k
",https://github.com/bisq-network
497,tribeca,michaelgrosner,"
          3.6k
",https://github.com/michaelgrosner
498,EthList,Scanate,"
          3.5k
",https://github.com/Scanate
499,alpha_vantage,RomelTorres,"
          3.5k
",https://github.com/RomelTorres
500,Crypto-Signal,CryptoSignal,"
          3.5k
",https://github.com/CryptoSignal
501,awesome-coins,Zheaoli,"
          3.4k
",https://github.com/Zheaoli
502,CryptoList,coinpride,"
          3.4k
",https://github.com/coinpride
503,wallet,bitpay,"
          3.3k
",https://github.com/bitpay
504,squeezer,SqueezerIO,"
          3.2k
",https://github.com/SqueezerIO
505,jesse,jesse-ai,"
          3.1k
",https://github.com/jesse-ai
506,blockchain_go,Jeiwan,"
          3.1k
",https://github.com/Jeiwan
507,btcpayserver,btcpayserver,"
          3k
",https://github.com/btcpayserver
508,lbrycrd,lbryio,"
          2.8k
",https://github.com/lbryio
509,cointop,cointop-sh,"
          2.7k
",https://github.com/cointop-sh
510,bootstrap,twbs,"
          154k
",https://github.com/twbs
511,AdminLTE,ColorlibHQ,"
          39.7k
",https://github.com/ColorlibHQ
512,tabler,tabler,"
          24.3k
",https://github.com/tabler
513,mdb-ui-kit,mdbootstrap,"
          21.7k
",https://github.com/mdbootstrap
514,gentelella,ColorlibHQ,"
          20.3k
",https://github.com/ColorlibHQ
515,react-bootstrap,react-bootstrap,"
          20.1k
",https://github.com/react-bootstrap
516,js-stack-from-scratch,verekia,"
          18.7k
",https://github.com/verekia
517,bootstrap-vue,bootstrap-vue,"
          13.5k
",https://github.com/bootstrap-vue
518,bootswatch,thomaspark,"
          13.2k
",https://github.com/thomaspark
519,bootstrap-datepicker,uxsolutions,"
          12.4k
",https://github.com/uxsolutions
520,coreui-free-bootstrap-admin-template,coreui,"
          11k
",https://github.com/coreui
521,bootstrap-table,wenzhixin,"
          11k
",https://github.com/wenzhixin
522,reactstrap,reactstrap,"
          10.1k
",https://github.com/reactstrap
523,MaterialDesign,Templarian,"
          9.5k
",https://github.com/Templarian
524,material-design-for-bootstrap,mdbootstrap,"
          9.5k
",https://github.com/mdbootstrap
525,bootstrap-select,snapappointments,"
          9.4k
",https://github.com/snapappointments
526,startbootstrap-sb-admin-2,StartBootstrap,"
          9k
",https://github.com/StartBootstrap
527,ng-bootstrap,ng-bootstrap,"
          7.8k
",https://github.com/ng-bootstrap
528,startbootstrap,BlackrockDigital,"
          7.1k
",https://github.com/BlackrockDigital
529,Metro-UI-CSS,olton,"
          6.8k
",https://github.com/olton
530,material-kit,creativetimofficial,"
          5.6k
",https://github.com/creativetimofficial
531,icons,twbs,"
          5.6k
",https://github.com/twbs
532,FEBS-Shiro,febsteam,"
          5.6k
",https://github.com/febsteam
533,ngx-bootstrap,valor-software,"
          5.3k
",https://github.com/valor-software
534,bootstrap-switch,Bttstrp,"
          5.1k
",https://github.com/Bttstrp
535,bootstrap-fileinput,kartik-v,"
          5.1k
",https://github.com/kartik-v
536,bootstrap-modal,jschr,"
          5k
",https://github.com/jschr
537,twitter-bootstrap-rails,seyhunak,"
          4.5k
",https://github.com/seyhunak
538,favorites-web,cloudfavorites,"
          4.5k
",https://github.com/cloudfavorites
539,polr,cydrobolt,"
          4.1k
",https://github.com/cydrobolt
540,ccxt,ccxt,"
          21.6k
",https://github.com/ccxt
541,python-telegram-bot,python-telegram-bot,"
          16.7k
",https://github.com/python-telegram-bot
542,hubot,hubotio,"
          16k
",https://github.com/hubotio
543,discord.js,discordjs,"
          15.9k
",https://github.com/discordjs
544,InstaPy,timgrossmann,"
          13.3k
",https://github.com/timgrossmann
545,rasa,RasaHQ,"
          12.9k
",https://github.com/RasaHQ
546,ChatterBot,gunthercox,"
          11.6k
",https://github.com/gunthercox
547,botkit,howdyai,"
          10.5k
",https://github.com/howdyai
548,botpress,botpress,"
          9.4k
",https://github.com/botpress
549,EverydayWechat,sfyc23,"
          8.6k
",https://github.com/sfyc23
550,leon,leon-ai,"
          7.9k
",https://github.com/leon-ai
551,YYeTsBot,tgbot-collection,"
          7.9k
",https://github.com/tgbot-collection
552,EZFN-Lobbybot,EZFNDEV,"
          6.9k
",https://github.com/EZFNDEV
553,ailab,microsoft,"
          6.8k
",https://github.com/microsoft
554,botframework-sdk,microsoft,"
          6.6k
",https://github.com/microsoft
555,trump2cash,maxbbraun,"
          6k
",https://github.com/maxbbraun
556,node-telegram-bot-api,yagop,"
          5.6k
",https://github.com/yagop
557,botman,botman,"
          5.5k
",https://github.com/botman
558,DeepPavlov,deepmipt,"
          5.4k
",https://github.com/deepmipt
559,telegraf,telegraf,"
          5k
",https://github.com/telegraf
560,nlp.js,axa-group,"
          4.6k
",https://github.com/axa-group
561,streetmerchant,jef,"
          4.5k
",https://github.com/jef
562,igbot,ohld,"
          4.1k
",https://github.com/ohld
563,bottender,Yoctol,"
          3.7k
",https://github.com/Yoctol
564,PokemonGo-Bot,PokemonGoF,"
          3.7k
",https://github.com/PokemonGoF
565,whatsapp-web.js,pedroslopez,"
          3.7k
",https://github.com/pedroslopez
566,snips-nlu,snipsco,"
          3.6k
",https://github.com/snipsco
567,telegram-list,goq,"
          3.3k
",https://github.com/goq
568,venom,orkestral,"
          3.3k
",https://github.com/orkestral
569,jesse,jesse-ai,"
          3.1k
",https://github.com/jesse-ai
570,scrcpy,Genymobile,"
          56.1k
",https://github.com/Genymobile
571,neovim,neovim,"
          47.8k
",https://github.com/neovim
572,git,git,"
          39.8k
",https://github.com/git
573,awesome-cpp,fffaraz,"
          34.1k
",https://github.com/fffaraz
574,obs-studio,obsproject,"
          31.7k
",https://github.com/obsproject
575,open-source-mac-os-apps,serhii-londar,"
          28.4k
",https://github.com/serhii-londar
576,FFmpeg,FFmpeg,"
          26.6k
",https://github.com/FFmpeg
577,vim,vim,"
          25k
",https://github.com/vim
578,the_silver_searcher,ggreer,"
          22.7k
",https://github.com/ggreer
579,curl,curl,"
          22.3k
",https://github.com/curl
580,interview,huihut,"
          20.9k
",https://github.com/huihut
581,ruby,ruby,"
          18.5k
",https://github.com/ruby
582,flatbuffers,google,"
          16.9k
",https://github.com/google
583,rufus,pbatard,"
          16.4k
",https://github.com/pbatard
584,mpv,mpv-player,"
          16.3k
",https://github.com/mpv-player
585,graal,oracle,"
          16.1k
",https://github.com/oracle
586,radare2,radareorg,"
          15.1k
",https://github.com/radareorg
587,shadowsocks-libev,shadowsocks,"
          14.6k
",https://github.com/shadowsocks
588,vcpkg,microsoft,"
          14k
",https://github.com/microsoft
589,goaccess,allinurl,"
          13.9k
",https://github.com/allinurl
590,nuklear,vurtun,"
          13.3k
",https://github.com/vurtun
591,infer,facebook,"
          12.7k
",https://github.com/facebook
592,nnn,jarun,"
          12.5k
",https://github.com/jarun
593,kitty,kovidgoyal,"
          12.4k
",https://github.com/kovidgoyal
594,Sourcetrail,CoatiSoftware,"
          12.1k
",https://github.com/CoatiSoftware
595,C,TheAlgorithms,"
          11.2k
",https://github.com/TheAlgorithms
596,raspberry-pi-os,s-matyukevich,"
          10.9k
",https://github.com/s-matyukevich
597,qmk_firmware,qmk,"
          10.8k
",https://github.com/qmk
598,hashcat,hashcat,"
          10.7k
",https://github.com/hashcat
599,tig,jonas,"
          10.4k
",https://github.com/jonas
600,electron,electron,"
          98.6k
",https://github.com/electron
601,mkcert,FiloSottile,"
          32.3k
",https://github.com/FiloSottile
602,playwright,microsoft,"
          29.9k
",https://github.com/microsoft
603,octotree,ovity,"
          21.6k
",https://github.com/ovity
604,bypass-paywalls-chrome,iamadamdev,"
          19.6k
",https://github.com/iamadamdev
605,nightmare,segmentio,"
          19k
",https://github.com/segmentio
606,linux-command,jaywcjlove,"
          17k
",https://github.com/jaywcjlove
607,headless-recorder,checkly,"
          13.6k
",https://github.com/checkly
608,chromeless,prisma-archive,"
          13.2k
",https://github.com/prisma-archive
609,WebFundamentals,google,"
          12.3k
",https://github.com/google
610,react-color,casesandberg,"
          10.2k
",https://github.com/casesandberg
611,chrome-extensions-samples,GoogleChrome,"
          9k
",https://github.com/GoogleChrome
612,ext-saladict,crimx,"
          8.1k
",https://github.com/crimx
613,uBlock,uBlock-LLC,"
          8.1k
",https://github.com/uBlock-LLC
614,chromedp,chromedp,"
          6.9k
",https://github.com/chromedp
615,url-to-pdf-api,alvarcarto,"
          6.5k
",https://github.com/alvarcarto
616,InfoSpider,kangvcar,"
          5.9k
",https://github.com/kangvcar
617,metamask-extension,MetaMask,"
          5.8k
",https://github.com/MetaMask
618,simpread,Kenshin,"
          5.1k
",https://github.com/Kenshin
619,headless-chrome-crawler,yujiosaka,"
          5.1k
",https://github.com/yujiosaka
620,ferret,MontFerret,"
          4.7k
",https://github.com/MontFerret
621,debugger,firefox-devtools,"
          4.6k
",https://github.com/firefox-devtools
622,themer,themerdev,"
          4.4k
",https://github.com/themerdev
623,polar-bookshelf,burtonator,"
          4.4k
",https://github.com/burtonator
624,fetool,nieweidong,"
          4.3k
",https://github.com/nieweidong
625,SingleFile,gildas-lormeau,"
          4.2k
",https://github.com/gildas-lormeau
626,Surfingkeys,brookhong,"
          3.7k
",https://github.com/brookhong
627,HackBrowserData,moonD4rk,"
          3.7k
",https://github.com/moonD4rk
628,bilibili-helper-o,bilibili-helper,"
          3.7k
",https://github.com/bilibili-helper
629,melonJS,melonjs,"
          3.6k
",https://github.com/melonjs
630,bypass-paywalls-chrome,iamadamdev,"
          19.6k
",https://github.com/iamadamdev
631,refined-github,refined-github,"
          15.9k
",https://github.com/refined-github
632,headless-recorder,checkly,"
          13.6k
",https://github.com/checkly
633,codelf,unbug,"
          11.9k
",https://github.com/unbug
634,darkreader,darkreader,"
          11.4k
",https://github.com/darkreader
635,ext-saladict,crimx,"
          8.1k
",https://github.com/crimx
636,listen1_chrome_extension,listen1,"
          7.8k
",https://github.com/listen1
637,dejavu,appbaseio,"
          7.5k
",https://github.com/appbaseio
638,screenity,alyssaxuu,"
          6.1k
",https://github.com/alyssaxuu
639,simpread,Kenshin,"
          5.1k
",https://github.com/Kenshin
640,medium-unlimited,manojVivek,"
          4.3k
",https://github.com/manojVivek
641,SingleFile,gildas-lormeau,"
          4.2k
",https://github.com/gildas-lormeau
642,daily,dailydotdev,"
          4.1k
",https://github.com/dailydotdev
643,buster,dessant,"
          4.1k
",https://github.com/dessant
644,FeHelper,zxlie,"
          3.8k
",https://github.com/zxlie
645,altair,altair-graphql,"
          3.7k
",https://github.com/altair-graphql
646,bilibili-helper-o,bilibili-helper,"
          3.7k
",https://github.com/bilibili-helper
647,rails_panel,dejan,"
          3.7k
",https://github.com/dejan
648,stylus,openstyles,"
          3.5k
",https://github.com/openstyles
649,crx-selection-translate,lmk123,"
          3.5k
",https://github.com/lmk123
650,gmail.js,KartikTalwar,"
          3.4k
",https://github.com/KartikTalwar
651,web-clipper,webclipper,"
          3.3k
",https://github.com/webclipper
652,Memex,WorldBrain,"
          3.3k
",https://github.com/WorldBrain
653,Reddit-Enhancement-Suite,honestbleeps,"
          3.3k
",https://github.com/honestbleeps
654,SponsorBlock,ajayyy,"
          3.2k
",https://github.com/ajayyy
655,pangu.js,vinta,"
          3.2k
",https://github.com/vinta
656,jjb,sunoj,"
          3k
",https://github.com/sunoj
657,extension-boilerplate,EmailThis,"
          2.9k
",https://github.com/EmailThis
658,retire.js,RetireJS,"
          2.9k
",https://github.com/RetireJS
659,PT-Plugin-Plus,ronggang,"
          2.7k
",https://github.com/ronggang
660,ohmyzsh,ohmyzsh,"
          135k
",https://github.com/ohmyzsh
661,httpie,httpie,"
          52.5k
",https://github.com/httpie
662,fzf,junegunn,"
          39.8k
",https://github.com/junegunn
663,bat,sharkdp,"
          29.9k
",https://github.com/sharkdp
664,dive,wagoodman,"
          28k
",https://github.com/wagoodman
665,ripgrep,BurntSushi,"
          27.7k
",https://github.com/BurntSushi
666,sherlock,sherlock-project,"
          27.5k
",https://github.com/sherlock-project
667,cheat.sh,chubin,"
          27.4k
",https://github.com/chubin
668,cli,cli,"
          25.9k
",https://github.com/cli
669,angular-cli,angular,"
          25k
",https://github.com/angular
670,cobra,spf13,"
          23.6k
",https://github.com/spf13
671,awesome-shell,alebcay,"
          22.3k
",https://github.com/alebcay
672,lazygit,jesseduffield,"
          21.7k
",https://github.com/jesseduffield
673,python-fire,google,"
          20.3k
",https://github.com/google
674,tqdm,tqdm,"
          19.8k
",https://github.com/tqdm
675,ava,avajs,"
          19.4k
",https://github.com/avajs
676,fd,sharkdp,"
          19.2k
",https://github.com/sharkdp
677,pkg,vercel,"
          19k
",https://github.com/vercel
678,n8n,n8n-io,"
          18.2k
",https://github.com/n8n-io
679,chalk,chalk,"
          17.3k
",https://github.com/chalk
680,ink,vadimdemedes,"
          17k
",https://github.com/vadimdemedes
681,svgo,svg,"
          16.8k
",https://github.com/svg
682,cli,urfave,"
          16.7k
",https://github.com/urfave
683,modern-unix,ibraheemdev,"
          16.7k
",https://github.com/ibraheemdev
684,.tmux,gpakosz,"
          15.2k
",https://github.com/gpakosz
685,goaccess,allinurl,"
          13.9k
",https://github.com/allinurl
686,webpack-dashboard,FormidableLabs,"
          13.8k
",https://github.com/FormidableLabs
687,ignite,infinitered,"
          13.1k
",https://github.com/infinitered
688,git-history,pomber,"
          12.7k
",https://github.com/pomber
689,nnn,jarun,"
          12.5k
",https://github.com/jarun
690,metabase,metabase,"
          26.3k
",https://github.com/metabase
691,deeplearning4j,eclipse,"
          12.2k
",https://github.com/eclipse
692,LightTable,LightTable,"
          11.6k
",https://github.com/LightTable
693,mal,kanaka,"
          8.2k
",https://github.com/kanaka
694,awesomo,lk-geimfari,"
          8.1k
",https://github.com/lk-geimfari
695,logseq,logseq,"
          6.7k
",https://github.com/logseq
696,penpot,penpot,"
          5k
",https://github.com/penpot
697,datascript,tonsky,"
          4.4k
",https://github.com/tonsky
698,reagent,reagent-project,"
          4.3k
",https://github.com/reagent-project
699,riemann,riemann,"
          4.1k
",https://github.com/riemann
700,compojure,weavejester,"
          3.9k
",https://github.com/weavejester
701,clojure-style-guide,bbatsov,"
          3.7k
",https://github.com/bbatsov
702,intellij-rainbow-brackets,izhangzhihao,"
          3.6k
",https://github.com/izhangzhihao
703,ring,ring-clojure,"
          3.4k
",https://github.com/ring-clojure
704,status-react,status-im,"
          3.3k
",https://github.com/status-im
705,cider,clojure-emacs,"
          3.2k
",https://github.com/clojure-emacs
706,lein-figwheel,bhauman,"
          2.9k
",https://github.com/bhauman
707,klipse,viebel,"
          2.8k
",https://github.com/viebel
708,Rich-Hickey-fanclub,tallesl,"
          2.8k
",https://github.com/tallesl
709,beakerx,twosigma,"
          2.6k
",https://github.com/twosigma
710,pedestal,pedestal,"
          2.4k
",https://github.com/pedestal
711,hiccup,weavejester,"
          2.3k
",https://github.com/weavejester
712,babashka,babashka,"
          2.3k
",https://github.com/babashka
713,awesome-clojure,razum2um,"
          2.3k
",https://github.com/razum2um
714,http-kit,http-kit,"
          2.2k
",https://github.com/http-kit
715,onyx,onyx-platform,"
          2k
",https://github.com/onyx-platform
716,lumo,anmonteiro,"
          1.8k
",https://github.com/anmonteiro
717,defold,defold,"
          1.8k
",https://github.com/defold
718,boot,boot-clj,"
          1.7k
",https://github.com/boot-clj
719,lacinia,walmartlabs,"
          1.6k
",https://github.com/walmartlabs
720,SwiftLint,realm,"
          15.3k
",https://github.com/realm
721,infer,facebook,"
          12.7k
",https://github.com/facebook
722,static-analysis,analysis-tools-dev,"
          9k
",https://github.com/analysis-tools-dev
723,checkstyle,checkstyle,"
          6.3k
",https://github.com/checkstyle
724,awesome-guidelines,Kristories,"
          6.3k
",https://github.com/Kristories
725,sonarqube,SonarSource,"
          6.2k
",https://github.com/SonarSource
726,pyre-check,facebook,"
          5.6k
",https://github.com/facebook
727,simplecov,simplecov-ruby,"
          4.3k
",https://github.com/simplecov-ruby
728,reviewdog,reviewdog,"
          4.3k
",https://github.com/reviewdog
729,detekt,detekt,"
          4k
",https://github.com/detekt
730,pylint,PyCQA,"
          3.6k
",https://github.com/PyCQA
731,eslint-plugin-import,import-js,"
          3.6k
",https://github.com/import-js
732,grumphp,phpro,"
          3.6k
",https://github.com/phpro
733,pmd,pmd,"
          3.6k
",https://github.com/pmd
734,HTMLHint,htmlhint,"
          2.7k
",https://github.com/htmlhint
735,jscpd,kucherenko,"
          2.3k
",https://github.com/kucherenko
736,codeclimate,codeclimate,"
          2.2k
",https://github.com/codeclimate
737,state-of-the-art-shitcode,trekhleb,"
          2.1k
",https://github.com/trekhleb
738,piranha,uber,"
          1.8k
",https://github.com/uber
739,wemake-python-styleguide,wemake-services,"
          1.7k
",https://github.com/wemake-services
740,cross-platform-node-guide,ehmicky,"
          1.2k
",https://github.com/ehmicky
741,typewiz,urish,"
          1.1k
",https://github.com/urish
742,feflow,Tencent,"
          1k
",https://github.com/Tencent
743,phpqa,jakzal,"
          947
",https://github.com/jakzal
744,unused,joshuaclayton,"
          876
",https://github.com/joshuaclayton
745,Imgbot,imgbot,"
          817
",https://github.com/imgbot
746,SonarTS,SonarSource,"
          773
",https://github.com/SonarSource
747,pdepend,pdepend,"
          770
",https://github.com/pdepend
748,SonarJS,SonarSource,"
          760
",https://github.com/SonarSource
749,android-guidelines,bufferapp,"
          758
",https://github.com/bufferapp
750,octotree,ovity,"
          21.6k
",https://github.com/ovity
751,gitpod,gitpod-io,"
          5.6k
",https://github.com/gitpod-io
752,danger,danger,"
          4.6k
",https://github.com/danger
753,reviewdog,reviewdog,"
          4.3k
",https://github.com/reviewdog
754,danger-js,danger,"
          4k
",https://github.com/danger
755,awesome-code-review,joho,"
          3.1k
",https://github.com/joho
756,hound,houndci,"
          1.9k
",https://github.com/houndci
757,nodejsscan,ajinabraham,"
          1.8k
",https://github.com/ajinabraham
758,mutant,mbj,"
          1.8k
",https://github.com/mbj
759,vscode-pull-request-github,microsoft,"
          1.7k
",https://github.com/microsoft
760,cargo-crev,crev-dev,"
          1.4k
",https://github.com/crev-dev
761,reviewboard,reviewboard,"
          1.4k
",https://github.com/reviewboard
762,python_sec,bit4woo,"
          999
",https://github.com/bit4woo
763,code-review-tips,ryanmcdermott,"
          999
",https://github.com/ryanmcdermott
764,java-concurrency,code-review-checklists,"
          963
",https://github.com/code-review-checklists
765,Audit-Learning,jiangsir404,"
          812
",https://github.com/jiangsir404
766,codestream,TeamCodeStream,"
          676
",https://github.com/TeamCodeStream
767,enlightn,enlightn,"
          561
",https://github.com/enlightn
768,gerrit-intellij-plugin,uwolfer,"
          424
",https://github.com/uwolfer
769,policy-bot,palantir,"
          421
",https://github.com/palantir
770,cpp-project,bsamseth,"
          416
",https://github.com/bsamseth
771,diffr,mookid,"
          383
",https://github.com/mookid
772,code-review-checklist,mgreiler,"
          336
",https://github.com/mgreiler
773,static-review,sjparkinson,"
          328
",https://github.com/sjparkinson
774,raptor,dpnishant,"
          325
",https://github.com/dpnishant
775,shiba,burrito-brothers,"
          286
",https://github.com/burrito-brothers
776,github-review,charignon,"
          252
",https://github.com/charignon
777,lookout,src-d,"
          143
",https://github.com/src-d
778,gerrit-rest-java-client,uwolfer,"
          139
",https://github.com/uwolfer
779,owasp-orizon,thesp0nge,"
          133
",https://github.com/thesp0nge
780,next.js,vercel,"
          74.8k
",https://github.com/vercel
781,rust,rust-lang,"
          59.7k
",https://github.com/rust-lang
782,webpack,webpack,"
          59.6k
",https://github.com/webpack
783,gatsby,gatsbyjs,"
          51.6k
",https://github.com/gatsbyjs
784,svelte,sveltejs,"
          51.3k
",https://github.com/sveltejs
785,babel,babel,"
          39.8k
",https://github.com/babel
786,parcel,parcel-bundler,"
          39.3k
",https://github.com/parcel-bundler
787,kotlin,JetBrains,"
          39.1k
",https://github.com/JetBrains
788,esbuild,evanw,"
          28.3k
",https://github.com/evanw
789,marked,markedjs,"
          26.1k
",https://github.com/markedjs
790,v,vlang,"
          25.7k
",https://github.com/vlang
791,pkg,vercel,"
          19k
",https://github.com/vercel
792,v8,v8,"
          18.5k
",https://github.com/v8
793,swc,swc-project,"
          15.8k
",https://github.com/swc-project
794,assemblyscript,AssemblyScript,"
          12.9k
",https://github.com/AssemblyScript
795,bytecode-viewer,Konloch,"
          12.5k
",https://github.com/Konloch
796,Nim,nim-lang,"
          12k
",https://github.com/nim-lang
797,zig,ziglang,"
          10.8k
",https://github.com/ziglang
798,gopherjs,gopherjs,"
          10.6k
",https://github.com/gopherjs
799,compiler-explorer,compiler-explorer,"
          9.6k
",https://github.com/compiler-explorer
800,RustPython,RustPython,"
          9.4k
",https://github.com/RustPython
801,tvm,apache,"
          7.3k
",https://github.com/apache
802,kotlin-native,JetBrains,"
          7.1k
",https://github.com/JetBrains
803,numba,numba,"
          6.9k
",https://github.com/numba
804,compiler,elm,"
          6.6k
",https://github.com/elm
805,awesome-compilers,aalhour,"
          6.3k
",https://github.com/aalhour
806,Nuitka,Nuitka,"
          5.9k
",https://github.com/Nuitka
807,acwj,DoctorWkt,"
          5.7k
",https://github.com/DoctorWkt
808,rescript-compiler,rescript-lang,"
          5.5k
",https://github.com/rescript-lang
809,lebab,lebab,"
          5.5k
",https://github.com/lebab
810,localstack,localstack,"
          35.9k
",https://github.com/localstack
811,drone,drone,"
          24.1k
",https://github.com/drone
812,jenkins,jenkinsci,"
          18k
",https://github.com/jenkinsci
813,volkswagen,auchenberg,"
          12k
",https://github.com/auchenberg
814,origin,openshift,"
          8k
",https://github.com/openshift
815,gocd,gocd,"
          6.3k
",https://github.com/gocd
816,concourse,concourse,"
          6k
",https://github.com/concourse
817,onedev,theonedev,"
          4.7k
",https://github.com/theonedev
818,buildbot,buildbot,"
          4.7k
",https://github.com/buildbot
819,strider,Strider-CD,"
          4.5k
",https://github.com/Strider-CD
820,gaia,gaia-pipeline,"
          4.5k
",https://github.com/gaia-pipeline
821,jx,jenkins-x,"
          4k
",https://github.com/jenkins-x
822,hygieia,hygieia,"
          3.7k
",https://github.com/hygieia
823,xcpretty,xcpretty,"
          3.7k
",https://github.com/xcpretty
824,cds,ovh,"
          3.6k
",https://github.com/ovh
825,cake,cake-build,"
          3.1k
",https://github.com/cake-build
826,cml,iterative,"
          2.7k
",https://github.com/iterative
827,werf,werf,"
          2.7k
",https://github.com/werf
828,awesome-ci,ligurio,"
          2.7k
",https://github.com/ligurio
829,tox,tox-dev,"
          2.5k
",https://github.com/tox-dev
830,PHPCI,dancryer,"
          2.4k
",https://github.com/dancryer
831,ModernCppStarter,TheLartians,"
          2.3k
",https://github.com/TheLartians
832,syncd,dreamans,"
          2k
",https://github.com/dreamans
833,hound,houndci,"
          1.9k
",https://github.com/houndci
834,setup-php,shivammathur,"
          1.8k
",https://github.com/shivammathur
835,fabric8,fabric8io,"
          1.8k
",https://github.com/fabric8io
836,lastbackend,lastbackend,"
          1.5k
",https://github.com/lastbackend
837,nuke,nuke-build,"
          1.3k
",https://github.com/nuke-build
838,flow-core-x,FlowCI,"
          1.3k
",https://github.com/FlowCI
839,tbls,k1LoW,"
          1.2k
",https://github.com/k1LoW
840,COVID-19,CSSEGISandData,"
          27.6k
",https://github.com/CSSEGISandData
841,covid19india-react,covid19india,"
          6.8k
",https://github.com/covid19india
842,covid-19-data,nytimes,"
          6.6k
",https://github.com/nytimes
843,covid19,tokyo-metropolitan-gov,"
          6.2k
",https://github.com/tokyo-metropolitan-gov
844,covid-19-data,owid,"
          4.5k
",https://github.com/owid
845,COVID-19,pcm-dpc,"
          3.9k
",https://github.com/pcm-dpc
846,covid-chestxray-dataset,ieee8023,"
          2.7k
",https://github.com/ieee8023
847,API,disease-sh,"
          2.3k
",https://github.com/disease-sh
848,corona,geohot,"
          2.1k
",https://github.com/geohot
849,app,WorldHealthOrganization,"
          2.1k
",https://github.com/WorldHealthOrganization
850,corona-cli,ahmadawais,"
          1.8k
",https://github.com/ahmadawais
851,cwa-server,corona-warn-app,"
          1.8k
",https://github.com/corona-warn-app
852,coronavirus-tracker-api,ExpDev07,"
          1.6k
",https://github.com/ExpDev07
853,awesome-coronavirus,soroushchehresa,"
          1.5k
",https://github.com/soroushchehresa
854,CoronaTracker,mhdhejazi,"
          1.4k
",https://github.com/mhdhejazi
855,covid19_scenarios,neherlab,"
          1.4k
",https://github.com/neherlab
856,covid19-dashboard,github,"
          1.4k
",https://github.com/github
857,covid19,pomber,"
          1.2k
",https://github.com/pomber
858,coronavirus,FoldingAtHome,"
          1.1k
",https://github.com/FoldingAtHome
859,covid-19,datasets,"
          1.1k
",https://github.com/datasets
860,tika-python,chrismattmann,"
          1.1k
",https://github.com/chrismattmann
861,covidpass,covidpass-org,"
          1.1k
",https://github.com/covidpass-org
862,Face-Mask-Detection,chandrikadeb7,"
          1.1k
",https://github.com/chandrikadeb7
863,COVID-Net,lindawangg,"
          1k
",https://github.com/lindawangg
864,covid19model,ImperialCollegeLondon,"
          931
",https://github.com/ImperialCollegeLondon
865,ESP32-Paxcounter,cyberman54,"
          929
",https://github.com/cyberman54
866,COVID-CT,UCSD-AI4H,"
          885
",https://github.com/UCSD-AI4H
867,coronavirus-data,nychealth,"
          863
",https://github.com/nychealth
868,covid19-public,MoH-Malaysia,"
          836
",https://github.com/MoH-Malaysia
869,makair,makers-for-life,"
          750
",https://github.com/makers-for-life
870,CS-Notes,CyC2018,"
          141k
",https://github.com/CyC2018
871,project-based-learning,practical-tutorials,"
          58.4k
",https://github.com/practical-tutorials
872,leetcode,azl397985856,"
          44.7k
",https://github.com/azl397985856
873,x64dbg,x64dbg,"
          37.5k
",https://github.com/x64dbg
874,awesome-cpp,fffaraz,"
          34.1k
",https://github.com/fffaraz
875,calculator,microsoft,"
          22.9k
",https://github.com/microsoft
876,openpose,CMU-Perceptual-Computing-Lab,"
          22.3k
",https://github.com/CMU-Perceptual-Computing-Lab
877,interview,huihut,"
          20.9k
",https://github.com/huihut
878,leetcode-master,youngyangyang04,"
          17.3k
",https://github.com/youngyangyang04
879,yuzu,yuzu-emu,"
          16.6k
",https://github.com/yuzu-emu
880,C-Plus-Plus,TheAlgorithms,"
          16.2k
",https://github.com/TheAlgorithms
881,modern-cpp-tutorial,changkun,"
          15.3k
",https://github.com/changkun
882,vcpkg,microsoft,"
          14k
",https://github.com/microsoft
883,spdlog,gabime,"
          12.9k
",https://github.com/gabime
884,modern-cpp-features,AnthonyCalandra,"
          12.8k
",https://github.com/AnthonyCalandra
885,infer,facebook,"
          12.7k
",https://github.com/facebook
886,Qv2ray,Qv2ray,"
          12.6k
",https://github.com/Qv2ray
887,solidity,ethereum,"
          12.5k
",https://github.com/ethereum
888,Sourcetrail,CoatiSoftware,"
          12.1k
",https://github.com/CoatiSoftware
889,tink,google,"
          11.7k
",https://github.com/google
890,tinyrenderer,ssloy,"
          11.5k
",https://github.com/ssloy
891,antlr4,antlr,"
          10.9k
",https://github.com/antlr
892,openage,SFTtech,"
          10.6k
",https://github.com/SFTtech
893,BackgroundMusic,kyleneideck,"
          10.3k
",https://github.com/kyleneideck
894,OpenRCT2,OpenRCT2,"
          10k
",https://github.com/OpenRCT2
895,compiler-explorer,compiler-explorer,"
          9.6k
",https://github.com/compiler-explorer
896,milewski-ctfp-pdf,hmemcpy,"
          8.9k
",https://github.com/hmemcpy
897,TabNine,codota,"
          8.7k
",https://github.com/codota
898,Ciphey,Ciphey,"
          8.6k
",https://github.com/Ciphey
899,fprime,nasa,"
          8.5k
",https://github.com/nasa
