,Name,Price,Link
0,"

	Woning te Zwevegem (8550)
","

	€ 257.000
",https://www.immobeguin.be/nl/recentste-aanbod?view=detail&id=13789&page=1
1,"

	Woning te RONSE (9600)
","

	€ 125.000
",https://www.immobeguin.be/nl/recentste-aanbod?view=detail&id=14175&page=1
2,"

	Woning te AALBEKE (8511)
","

	€ 169.500
",https://www.immobeguin.be/nl/recentste-aanbod?view=detail&id=13083&page=1
3,"

	Appartement te KORTRIJK (8500)
","

	€ 149.500
",https://www.immobeguin.be/nl/recentste-aanbod?view=detail&id=13528&page=1
4,"

	Villa te BRAKEL (9660)
","

	€ 399.000
",https://www.immobeguin.be/nl/recentste-aanbod?view=detail&id=14026&page=1
5,"

	Villa te AMOUGIES (7750)
","

	€ 1.295.000
",https://www.immobeguin.be/nl/recentste-aanbod?view=detail&id=13365&page=1
6,"

	Villa te AMOUGIES (7750)
","

	€ 1.295.000
",https://www.immobeguin.be/nl/recentste-aanbod?view=detail&id=13587&page=1
7,"

	Fermette te FRASNES-LEZ-BUISSENAL (7911)
","

	€ 545.000
",https://www.immobeguin.be/nl/recentste-aanbod?view=detail&id=14096&page=1
8,"

	Woning te RONSE (9600)
","

	€ 139.500
",https://www.immobeguin.be/nl/recentste-aanbod?view=detail&id=14113&page=1
9,"

	Woning te DERGNEAU (7912)
","

	€ 330.000
",https://www.immobeguin.be/nl/recentste-aanbod?view=detail&id=14105&page=1
10,"

	Woning te RONSE (9600)
","

	€ 225.000
",https://www.immobeguin.be/nl/recentste-aanbod?view=detail&id=13804&page=1
11,"

	Woning te RUIEN (9690)
","

	€ 298.000
",https://www.immobeguin.be/nl/recentste-aanbod?view=detail&id=14089&page=1
12,"

	Villa te SINT-MARIA-OUDENHOVE (9620)
","

	€ 485.000
",https://www.immobeguin.be/nl/recentste-aanbod?view=detail&id=12152&page=1
13,"

	Appartement te MUNKZWALM (9630)
","

	€ 450.000
",https://www.immobeguin.be/nl/recentste-aanbod?view=detail&id=13296&page=1
14,"

	Bouwgronden te ANZEGEM (8570)
","

	€ 115.000
",https://www.immobeguin.be/nl/recentste-aanbod?view=detail&id=11279&page=1
15,"

	Woning te NEDERBRAKEL (9660)
","

	€ 299.500
",https://www.immobeguin.be/nl/recentste-aanbod?view=detail&id=14065&page=1
16,"

	Woning te AVELGEM (8580)
","

	€ 265.000
",https://www.immobeguin.be/nl/recentste-aanbod?view=detail&id=13543&page=1
17,"

	Appartement te BERCHEM (9690)
","

	€ 245.000
",https://www.immobeguin.be/nl/recentste-aanbod?view=detail&id=13990&page=1
18,"

	Woning te DEERLIJK (8540)
","

	€ 338.000
",https://www.immobeguin.be/nl/recentste-aanbod?view=detail&id=13074&page=1
19,"

	Herenhuis te MOESKROEN (7700)
","

	€ 485.000
",https://www.immobeguin.be/nl/recentste-aanbod?view=detail&id=12182&page=1
20,"

	Opbrengsteigendom te Ronse (9600)
","

	€ 598.000
",https://www.immobeguin.be/nl/recentste-aanbod?view=detail&id=12437&page=1
21,"

	Appartement te WAREGEM (8790)
","

	€ 159.500
",https://www.immobeguin.be/nl/recentste-aanbod?view=detail&id=14172&page=1
22,"

	Woning te WAREGEM (8790)
","

	€ 435.000
",https://www.immobeguin.be/nl/recentste-aanbod?view=detail&id=14029&page=1
23,"

	Fermette te SINT-MARIA-HOREBEKE (9667)
","

	€ 450.000
",https://www.immobeguin.be/nl/recentste-aanbod?view=detail&id=14111&page=1
24,"

	Woning te DERGNEAU (7912)
","

	€ 330.000
",https://www.immobeguin.be/nl/recentste-aanbod?view=detail&id=14107&page=1
25,"

	Herenhuis te KUURNE (8520)
","

	€ 560.000
",https://www.immobeguin.be/nl/recentste-aanbod?view=detail&id=13066&page=1
26,"

	Woning te HARELBEKE (8530)
","

	€ 179.500
",https://www.immobeguin.be/nl/recentste-aanbod?view=detail&id=12899&page=1
27,"

	Appartement te WAREGEM (8790)
","

	€ 369.500
",https://www.immobeguin.be/nl/recentste-aanbod?view=detail&id=13540&page=1
28,"

	Woning te ROBORST (9630)
","

	€ 230.000
",https://www.immobeguin.be/nl/recentste-aanbod?view=detail&id=13275&page=1
29,"

	Woning te RONSE (9600)
","

	€ 129.500
",https://www.immobeguin.be/nl/recentste-aanbod?view=detail&id=14045&page=2
30,"

	Villa te ANZEGEM (8570)
","

	€ 399.500
",https://www.immobeguin.be/nl/recentste-aanbod?view=detail&id=13815&page=2
31,"

	Villa te TIEGEM (8573)
","

	€ 1.150.000
",https://www.immobeguin.be/nl/recentste-aanbod?view=detail&id=13579&page=2
32,"

	Opbrengsteigendom te DESSELGEM (8792)
","

	€ 723.000
",https://www.immobeguin.be/nl/recentste-aanbod?view=detail&id=14038&page=2
33,"

	Appartement te DESSELGEM (8792)
","

	€ 259.000
",https://www.immobeguin.be/nl/recentste-aanbod?view=detail&id=13564&page=2
34,"

	Appartement te DESSELGEM (8792)
","

	€ 199.000
",https://www.immobeguin.be/nl/recentste-aanbod?view=detail&id=13558&page=2
35,"

	Woning te SINT-LIEVENS-HOUTEM (9520)
","

	€ 210.000
",https://www.immobeguin.be/nl/recentste-aanbod?view=detail&id=14027&page=2
36,"

	Woning te ELLEZELLES (7890)
","

	€ 525.000
",https://www.immobeguin.be/nl/recentste-aanbod?view=detail&id=13545&page=2
37,"

	Herenhuis te WORTEGEM (9790)
","

	€ 1.499.000
",https://www.immobeguin.be/nl/recentste-aanbod?view=detail&id=14014&page=2
38,"

	Woning te RONSE (9600)
","

	€ 105.000
",https://www.immobeguin.be/nl/recentste-aanbod?view=detail&id=14009&page=2
39,"

	Penthouse te INGOOIGEM (8570)
","

	€ 420.000
",https://www.immobeguin.be/nl/recentste-aanbod?view=detail&id=13797&page=2
40,"

	Appartement te Waregem (8790)
","

	€ 280.000
",https://www.immobeguin.be/nl/recentste-aanbod?view=detail&id=14002&page=2
41,"

	Woning te Kain (7540)
","

	€ 110.000
",https://www.immobeguin.be/nl/recentste-aanbod?view=detail&id=12131&page=2
42,"

	Appartement te WAREGEM (8790)
","

	€ 225.000
",https://www.immobeguin.be/nl/recentste-aanbod?view=detail&id=13465&page=2
43,"

	Herenhuis te RONSE (9600)
","

	€ 565.000
",https://www.immobeguin.be/nl/recentste-aanbod?view=detail&id=13586&page=2
44,"

	Herenhuis te RONSE (9600)
","

	€ 565.000
",https://www.immobeguin.be/nl/recentste-aanbod?view=detail&id=13995&page=2
45,"

	Woning te RONSE (9600)
","

	€ 278.000
",https://www.immobeguin.be/nl/recentste-aanbod?view=detail&id=13982&page=2
46,"

	Handelspand te NOKERE (9771)
","

	Prijs op aanvraag
",https://www.immobeguin.be/nl/recentste-aanbod?view=detail&id=13986&page=2
47,"

	Woning te WAREGEM (8790)
","

	€ 298.000
",https://www.immobeguin.be/nl/recentste-aanbod?view=detail&id=13379&page=2
48,"

	Woning te WAREGEM (8790)
","

	€ 298.000
",https://www.immobeguin.be/nl/recentste-aanbod?view=detail&id=13378&page=2
49,"

	Woning te HARELBEKE (8530)
","

	€ 223.000
",https://www.immobeguin.be/nl/recentste-aanbod?view=detail&id=12195&page=2
50,"

	Villa te WORTEGEM (9790)
","

	€ 699.000
",https://www.immobeguin.be/nl/recentste-aanbod?view=detail&id=13407&page=2
51,"

	Villa te KORTRIJK (8500)
","

	€ 585.000
",https://www.immobeguin.be/nl/recentste-aanbod?view=detail&id=13742&page=2
52,"

	Woning te RONSE (9600)
","

	€ 159.500
",https://www.immobeguin.be/nl/recentste-aanbod?view=detail&id=13903&page=2
53,"

	Appartement te DESSELGEM (8792)
","

	€ 220.000
",https://www.immobeguin.be/nl/recentste-aanbod?view=detail&id=13563&page=2
54,"

	Herenhuis te WORTEGEM (9790)
","

	€ 1.499.000
",https://www.immobeguin.be/nl/recentste-aanbod?view=detail&id=14018&page=2
55,"

	Appartement te Waregem (8790)
","

	€ 280.000
",https://www.immobeguin.be/nl/recentste-aanbod?view=detail&id=14004&page=2
56,"

	Appartement te WAREGEM (8790)
","

	€ 225.000
",https://www.immobeguin.be/nl/recentste-aanbod?view=detail&id=13998&page=2
57,"

	Woning te RONSE (9600)
","

	€ 235.000
",https://www.immobeguin.be/nl/recentste-aanbod?view=detail&id=13991&page=2
58,"

	Appartement te WAREGEM (8790)
","

	€ 219.000
",https://www.immobeguin.be/nl/recentste-aanbod?view=detail&id=13405&page=2
59,"

	Woning te NUKERKE (9681)
","

	€ 425.000
",https://www.immobeguin.be/nl/recentste-aanbod?view=detail&id=13273&page=2
60,"

	Bouwgronden te DEERLIJK (8540)
","

	€ 325.000
",https://www.immobeguin.be/nl/recentste-aanbod?view=detail&id=13395&page=3
61,"

	Handelspand te RONSE (9600)
","

	€ 290.000
",https://www.immobeguin.be/nl/recentste-aanbod?view=detail&id=13706&page=3
62,"

	Villa te OUDENAARDE (9700)
","

	€ 495.000
",https://www.immobeguin.be/nl/recentste-aanbod?view=detail&id=13889&page=3
63,"

	Villa te OUDENAARDE (9700)
","

	€ 495.000
",https://www.immobeguin.be/nl/recentste-aanbod?view=detail&id=13905&page=3
64,"

	Woning te RONSE (9600)
","

	€ 159.500
",https://www.immobeguin.be/nl/recentste-aanbod?view=detail&id=12860&page=3
65,"

	Kantoorruimte te WAREGEM (8790)
","

	€ 398.000
",https://www.immobeguin.be/nl/recentste-aanbod?view=detail&id=13886&page=3
66,"

	Woning te WAREGEM (8790)
","

	€ 435.000
",https://www.immobeguin.be/nl/recentste-aanbod?view=detail&id=13888&page=3
67,"

	Woning te RONSE (9600)
","

	€ 185.000
",https://www.immobeguin.be/nl/recentste-aanbod?view=detail&id=13908&page=3
68,"

	Handelspand te HERZELE (9550)
","

	€ 599.000
",https://www.immobeguin.be/nl/recentste-aanbod?view=detail&id=13805&page=3
69,"

	Woning te RONSE (9600)
","

	€ 249.000
",https://www.immobeguin.be/nl/recentste-aanbod?view=detail&id=13878&page=3
70,"

	Woning te RONSE (9600)
","

	€ 249.000
",https://www.immobeguin.be/nl/recentste-aanbod?view=detail&id=13876&page=3
71,"

	Appartement te GULLEGEM (8560)
","

	€ 248.000
",https://www.immobeguin.be/nl/recentste-aanbod?view=detail&id=13790&page=3
72,"

	Woning te BEVER (1547)
","

	€ 450.000
",https://www.immobeguin.be/nl/recentste-aanbod?view=detail&id=13565&page=3
73,"

	Magazijn te RONSE (9600)
","

	€ 225.000
",https://www.immobeguin.be/nl/recentste-aanbod?view=detail&id=10930&page=3
74,"

	Handelspand te OUDENAARDE (9700)
","

	€ 229.000
",https://www.immobeguin.be/nl/recentste-aanbod?view=detail&id=12908&page=3
75,"

	Woning te LEUPEGEM (9700)
","

	€ 315.000
",https://www.immobeguin.be/nl/recentste-aanbod?view=detail&id=13531&page=3
76,"

	Appartement te WAREGEM (8790)
","

	€ 299.000
",https://www.immobeguin.be/nl/recentste-aanbod?view=detail&id=13702&page=3
77,"

	Appartement te HARELBEKE (8530)
","

	€ 170.000
",https://www.immobeguin.be/nl/recentste-aanbod?view=detail&id=13761&page=3
78,"

	Appartement te HARELBEKE (8530)
","

	€ 170.000
",https://www.immobeguin.be/nl/recentste-aanbod?view=detail&id=13741&page=3
79,"

	Appartement te RONSE (9600)
","

	€ 160.000
",https://www.immobeguin.be/nl/recentste-aanbod?view=detail&id=13778&page=3
80,"

	Woning te HARELBEKE (8530)
","

	€ 265.000
",https://www.immobeguin.be/nl/recentste-aanbod?view=detail&id=12847&page=3
81,"

	Hoeve te SCHORISSE (9688)
","

	€ 579.000
",https://www.immobeguin.be/nl/recentste-aanbod?view=detail&id=13801&page=3
82,"

	Hoeve te VLOESBERG (7880)
","

	€ 579.000
",https://www.immobeguin.be/nl/recentste-aanbod?view=detail&id=13538&page=3
83,"

	Woning te RONSE (9600)
","

	€ 159.500
",https://www.immobeguin.be/nl/recentste-aanbod?view=detail&id=12841&page=3
84,"

	Fermette te FLOBECQ (7880)
","

	€ 460.000
",https://www.immobeguin.be/nl/recentste-aanbod?view=detail&id=8862&page=3
85,"

	Appartement te Waregem (8790)
","

	€ 127.500
",https://www.immobeguin.be/nl/recentste-aanbod?view=detail&id=12479&page=3
86,"

	Woning te VELAINES (7760)
","

	€ 350.000
",https://www.immobeguin.be/nl/recentste-aanbod?view=detail&id=13781&page=3
87,"

	Woning te RONSE (9600)
","

	€ 199.500
",https://www.immobeguin.be/nl/recentste-aanbod?view=detail&id=13580&page=3
88,"

	Appartement te RONSE (9600)
","

	€ 160.000
",https://www.immobeguin.be/nl/recentste-aanbod?view=detail&id=13769&page=3
89,"

	Opbrengsteigendom te OUDENAARDE (9700)
","

	€ 569.000
",https://www.immobeguin.be/nl/recentste-aanbod?view=detail&id=12883&page=3
90,"

	Woning te ELLEZELLES (7890)
","

	€ 220.000
",https://www.immobeguin.be/nl/recentste-aanbod?view=detail&id=13731&page=4
91,"

	Woning te RONSE (9600)
","

	€ 235.000
",https://www.immobeguin.be/nl/recentste-aanbod?view=detail&id=13304&page=4
92,"

	Woning te WORTEGEM (9790)
","

	€ 329.500
",https://www.immobeguin.be/nl/recentste-aanbod?view=detail&id=13896&page=4
93,"

	Woning te INGELMUNSTER (8770)
","

	€ 208.500
",https://www.immobeguin.be/nl/recentste-aanbod?view=detail&id=12111&page=4
94,"

	Herenhuis te OUDENAARDE (9700)
","

	€ 385.000
",https://www.immobeguin.be/nl/recentste-aanbod?view=detail&id=11690&page=4
95,"

	Villa te BESELARE (8980)
","

	€ 499.500
",https://www.immobeguin.be/nl/recentste-aanbod?view=detail&id=13506&page=4
96,"

	Woning te OLSENE (9870)
","

	€ 315.000
",https://www.immobeguin.be/nl/recentste-aanbod?view=detail&id=13590&page=4
97,"

	Woning te LENDELEDE (8860)
","

	€ 385.000
",https://www.immobeguin.be/nl/recentste-aanbod?view=detail&id=13582&page=4
98,"

	Hoeve te OUDENAARDE (9700)
","

	€ 550.000
",https://www.immobeguin.be/nl/recentste-aanbod?view=detail&id=12902&page=4
99,"

	Woning te RONSE (9600)
","

	€ 105.000
",https://www.immobeguin.be/nl/recentste-aanbod?view=detail&id=13557&page=4
100,"

	Woning te RONSE (9600)
","

	€ 99.000
",https://www.immobeguin.be/nl/recentste-aanbod?view=detail&id=13567&page=4
101,"

	Appartement te WAREGEM (8790)
","

	€ 369.500
",https://www.immobeguin.be/nl/recentste-aanbod?view=detail&id=13539&page=4
102,"

	Handelspand te NIEUWENHOVE (8790)
","

	€ 548.000
",https://www.immobeguin.be/nl/recentste-aanbod?view=detail&id=13268&page=4
103,"

	Woning te ZOTTEGEM (9620)
","

	€ 260.000
",https://www.immobeguin.be/nl/recentste-aanbod?view=detail&id=13872&page=4
104,"

	Villa te RONSE (9600)
","

	€ 795.000
",https://www.immobeguin.be/nl/recentste-aanbod?view=detail&id=13311&page=4
105,"

	Woning te OTEGEM (8553)
","

	€ 235.000
",https://www.immobeguin.be/nl/recentste-aanbod?view=detail&id=13759&page=4
106,"

	Woning te OTEGEM (8553)
","

	€ 235.000
",https://www.immobeguin.be/nl/recentste-aanbod?view=detail&id=13760&page=4
107,"

	Woning te RONSE (9600)
","

	€ 282.500
",https://www.immobeguin.be/nl/recentste-aanbod?view=detail&id=10935&page=4
108,"

	Villa te WORTEGEM-PETEGEM (9790)
","

	€ 775.000
",https://www.immobeguin.be/nl/recentste-aanbod?view=detail&id=13068&page=4
109,"

	Woning te RONSE (9600)
","

	€ 169.500
",https://www.immobeguin.be/nl/recentste-aanbod?view=detail&id=13711&page=4
110,"

	Bouwgronden te LESSINES (7860)
","

	€ 105.000
",https://www.immobeguin.be/nl/recentste-aanbod?view=detail&id=13272&page=4
111,"

	Fermette te RONSE (9600)
","

	€ 498.000
",https://www.immobeguin.be/nl/recentste-aanbod?view=detail&id=10154&page=4
112,"

	Woning te NEDERBRAKEL (9660)
","

	€ 215.000
",https://www.immobeguin.be/nl/recentste-aanbod?view=detail&id=13703&page=4
113,"

	Woning te LENDELEDE (8860)
","

	€ 385.000
",https://www.immobeguin.be/nl/recentste-aanbod?view=detail&id=13588&page=4
114,"

	Woning te RONSE (9600)
","

	€ 185.000
",https://www.immobeguin.be/nl/recentste-aanbod?view=detail&id=12475&page=4
115,"

	Kantoorruimte te KUURNE (8520)
","

	€ 395.000
",https://www.immobeguin.be/nl/recentste-aanbod?view=detail&id=13477&page=4
116,"

	Woning te RONSE (9600)
","

	€ 183.000
",https://www.immobeguin.be/nl/recentste-aanbod?view=detail&id=14075&page=4
117,"

	Woning te WAREGEM (8790)
","

	€ 174.000
",https://www.immobeguin.be/nl/recentste-aanbod?view=detail&id=13871&page=4
118,"

	Appartement te Waregem (8790)
","

	€ 127.500
",https://www.immobeguin.be/nl/recentste-aanbod?view=detail&id=13377&page=4
119,"

	Bouwgronden te RONSE (9600)
","

	€ 99.000
",https://www.immobeguin.be/nl/recentste-aanbod?view=detail&id=13313&page=5
120,"

	Magazijn te OESELGEM (8720)
","

	€ 360.000
",https://www.immobeguin.be/nl/recentste-aanbod?view=detail&id=11164&page=5
121,"

	Villa te BESELARE (8980)
","

	€ 499.500
",https://www.immobeguin.be/nl/recentste-aanbod?view=detail&id=12910&page=5
122,"

	Woning te LESSEN (7860)
","

	€ 220.000
",https://www.immobeguin.be/nl/recentste-aanbod?view=detail&id=12900&page=5
123,"

	Bouwgronden te ELLEZELLES (7890)
","

	€ 185.000
",https://www.immobeguin.be/nl/recentste-aanbod?view=detail&id=12896&page=5
124,"

	Woning te RONSE (9600)
","

	€ 250.000
",https://www.immobeguin.be/nl/recentste-aanbod?view=detail&id=9502&page=5
125,"

	Appartement te KORTRIJK (8500)
","

	€ 379.500
",https://www.immobeguin.be/nl/recentste-aanbod?view=detail&id=11860&page=5
126,"

	Woning te RONSE (9600)
","

	€ 299.900
",https://www.immobeguin.be/nl/recentste-aanbod?view=detail&id=11809&page=5
127,"

	Villa te WAREGEM (8790)
","

	€ 335.000
",https://www.immobeguin.be/nl/recentste-aanbod?view=detail&id=13796&page=5
128,"

	Woning te DERGNEAU (7912)
","

	€ 280.000
",https://www.immobeguin.be/nl/recentste-aanbod?view=detail&id=12915&page=5
129,"

	Villa te POPUELLES (7760)
","

	€ 470.000
",https://www.immobeguin.be/nl/recentste-aanbod?view=detail&id=13784&page=5
130,"

	Hoeve te HUISE (9750)
","

	€ 1.750.000
",https://www.immobeguin.be/nl/recentste-aanbod?view=detail&id=12086&page=5
131,"

	Woning te RONSE (9600)
","

	€ 225.000
",https://www.immobeguin.be/nl/recentste-aanbod?view=detail&id=12835&page=5
132,"

	Herenhuis te DOORNIK (7500)
","

	€ 375.000
",https://www.immobeguin.be/nl/recentste-aanbod?view=detail&id=12597&page=5
133,"

	Loft te RONSE (9600)
","

	€ 299.500
",https://www.immobeguin.be/nl/recentste-aanbod?view=detail&id=11818&page=5
134,"

	Appartement te WIELSBEKE (8710)
","

	€ 165.000
",https://www.immobeguin.be/nl/recentste-aanbod?view=detail&id=10596&page=5
135,"

	Garage te RONSE (9600)
","

	€ 19.500
",https://www.immobeguin.be/nl/recentste-aanbod?view=detail&id=8650&page=5
136,"

	Woning te GERAARDSBERGEN (9500)
","

	€ 225.000
",https://www.immobeguin.be/nl/recentste-aanbod?view=detail&id=12626&page=5
137,"

	Bouwgronden te OUDENAARDE (9700)
","

	€ 218.500
",https://www.immobeguin.be/nl/recentste-aanbod?view=detail&id=8026&page=5
138,"

	Appartement te WAREGEM (8790)
","

	€ 345.000
",https://www.immobeguin.be/nl/recentste-aanbod?view=detail&id=13682&page=5
139,"

	Woning te DEERLIJK (8540)
","

	€ 338.000
",https://www.immobeguin.be/nl/recentste-aanbod?view=detail&id=13073&page=5
140,"

	Villa te RONSE (9600)
","

	€ 795.000
",https://www.immobeguin.be/nl/recentste-aanbod?view=detail&id=13283&page=5
141,"

	Appartement te Waregem (8790)
","

	€ 298.500
",https://www.immobeguin.be/nl/recentste-aanbod?view=detail&id=13054&page=5
142,"

	Woning te WIELSBEKE (8710)
","

	€ 376.700
",https://www.immobeguin.be/nl/recentste-aanbod?view=detail&id=12588&page=5
143,"

	Herenhuis te VELAINES (7760)
","

	€ 495.000
",https://www.immobeguin.be/nl/recentste-aanbod?view=detail&id=12627&page=5
144,"

	Handelspand te RONSE (9600)
","

	€ 249.800
",https://www.immobeguin.be/nl/recentste-aanbod?view=detail&id=12524&page=5
145,"

	Woning te OOIGEM (8710)
","

	€ 350.000
",https://www.immobeguin.be/nl/recentste-aanbod?view=detail&id=12589&page=5
146,"

	Hoeve te FRASNES-LEZ-ANVAING (7910)
","

	Prijs op aanvraag
",https://www.immobeguin.be/nl/recentste-aanbod?view=detail&id=12238&page=5
147,"

	Bouwgronden te VLOESBERG (7880)
","

	€ 185.000
",https://www.immobeguin.be/nl/recentste-aanbod?view=detail&id=12473&page=5
148,"

	Handelspand te RONSE (9600)
","

	€ 125.000
",https://www.immobeguin.be/nl/recentste-aanbod?view=detail&id=12427&page=6
149,"

	Appartement te WIELSBEKE (8710)
","

	€ 375.500
",https://www.immobeguin.be/nl/recentste-aanbod?view=detail&id=12418&page=6
150,"

	Woning te RONSE (9600)
","

	€ 299.900
",https://www.immobeguin.be/nl/recentste-aanbod?view=detail&id=11810&page=6
151,"

	Appartement te KORTRIJK (8500)
","

	€ 555.000
",https://www.immobeguin.be/nl/recentste-aanbod?view=detail&id=11694&page=6
152,"

	Project te RONSE (9600)
","

	€ 680.000
",https://www.immobeguin.be/nl/recentste-aanbod?view=detail&id=11691&page=6
153,"

	Fermette te WODECQ (7890)
","

	€ 275.000
",https://www.immobeguin.be/nl/recentste-aanbod?view=detail&id=13281&page=6
154,"

	Appartement te ZOTTEGEM (9620)
","

	€ 149.000
",https://www.immobeguin.be/nl/recentste-aanbod?view=detail&id=11566&page=6
155,"

	Appartement te RONSE (9600)
","

	€ 495.000
",https://www.immobeguin.be/nl/recentste-aanbod?view=detail&id=11693&page=6
156,"

	Woning te ZOTTEGEM (9620)
","

	€ 235.000
",https://www.immobeguin.be/nl/recentste-aanbod?view=detail&id=13806&page=6
157,"

	Bouwgronden te LESSINES (7860)
","

	€ 200.000
",https://www.immobeguin.be/nl/recentste-aanbod?view=detail&id=11563&page=6
158,"

	Magazijn te RONSE (9600)
","

	€ 199.500
",https://www.immobeguin.be/nl/recentste-aanbod?view=detail&id=11970&page=6
159,"

	Herenhuis te ZOTTEGEM (9620)
","

	€ 999.500
",https://www.immobeguin.be/nl/recentste-aanbod?view=detail&id=11374&page=6
160,"

	Woning te WAREGEM (8790)
","

	€ 385.000
",https://www.immobeguin.be/nl/recentste-aanbod?view=detail&id=12060&page=6
161,"

	Appartement te AVELGEM (8580)
","

	€ 259.500
",https://www.immobeguin.be/nl/recentste-aanbod?view=detail&id=10383&page=6
162,"

	Appartement te KORTRIJK (8500)
","

	€ 165.000
",https://www.immobeguin.be/nl/recentste-aanbod?view=detail&id=12516&page=6
163,"

	Bedrijfsgebouw te OOIGEM (8710)
","

	€ 387.000
",https://www.immobeguin.be/nl/recentste-aanbod?view=detail&id=11370&page=6
164,"

	Appartement te WAREGEM (8790)
","

	€ 169.500
",https://www.immobeguin.be/nl/recentste-aanbod?view=detail&id=14123&page=6
165,"

	Appartement te RONSE (9600)
","

	€ 495.000
",https://www.immobeguin.be/nl/recentste-aanbod?view=detail&id=12221&page=6
166,"

	Magazijn te OOIGEM (8710)
","

	€ 458.325
",https://www.immobeguin.be/nl/recentste-aanbod?view=detail&id=11692&page=6
167,"

	Hoeve te POPUELLES (7760)
","

	Prijs op aanvraag
",https://www.immobeguin.be/nl/recentste-aanbod?view=detail&id=12631&page=6
168,"

	Hoeve te POPUELLES (7760)
","

	Prijs op aanvraag
",https://www.immobeguin.be/nl/recentste-aanbod?view=detail&id=12632&page=6
169,"

	Vakantiewoning te ROQUECOR (82150) (Frankrijk)
","

	€ 699.000
",https://www.immobeguin.be/nl/recentste-aanbod?view=detail&id=6796&page=6
170,"

	Magazijn te EINE (9700)
","

	€ 399.000
",https://www.immobeguin.be/nl/recentste-aanbod?view=detail&id=11226&page=6
171,"

	Garage te Sint-Baafs-Vijve (8710)
","

	€ 90.000
",https://www.immobeguin.be/nl/recentste-aanbod?view=detail&id=12178&page=6
172,"

	Woning te WIELSBEKE (8710)
","

	€ 265.000
",https://www.immobeguin.be/nl/recentste-aanbod?view=detail&id=13265&page=6
173,"

	Woning te WAREGEM (8790)
","

	€ 385.000
",https://www.immobeguin.be/nl/recentste-aanbod?view=detail&id=12057&page=6
174,"

	Handelspand te TIELT (8700)
","

	€ 530.000
",https://www.immobeguin.be/nl/recentste-aanbod?view=detail&id=11042&page=6
175,"

	Appartement te SINT-BAAFS-VIJVE (8710)
","

	€ 210.225
",https://www.immobeguin.be/nl/recentste-aanbod?view=detail&id=9899&page=6
176,"

	Woning te RONSE (9600)
","

	€ 125.000
",https://www.immobeguin.be/nl/recentste-aanbod?view=detail&id=11554&page=6
177,"

	Herenhuis te QUEVAUCAMPS (7972)
","

	€ 650.000
",https://www.immobeguin.be/nl/recentste-aanbod?view=detail&id=11202&page=6
178,"

	Herenhuis te WIELSBEKE (8710)
","

	€ 249.000
",https://www.immobeguin.be/nl/recentste-aanbod?view=detail&id=12792&page=7
179,"

	Woning te NIEUWENHOVE (8790)
","

	€ 361.200
",https://www.immobeguin.be/nl/recentste-aanbod?view=detail&id=8757&page=7
180,"

	Opbrengsteigendom te VICHTE (8570)
","

	€ 499.500
",https://www.immobeguin.be/nl/recentste-aanbod?view=detail&id=10463&page=7
181,"

	Handelspand te ELLEZELLES (7890)
","

	€ 295.000
",https://www.immobeguin.be/nl/recentste-aanbod?view=detail&id=11635&page=7
182,"

	Appartement te Ieper (8900)
","

	€ 250.000
",https://www.immobeguin.be/nl/recentste-aanbod?view=detail&id=10813&page=7
183,"

	Project te LESSINES (7860)
","

	€ 420.000
",https://www.immobeguin.be/nl/recentste-aanbod?view=detail&id=13594&page=7
184,"

	Bouwgronden te GHISLENGHIEN (7822)
","

	€ 1.200.000
",https://www.immobeguin.be/nl/recentste-aanbod?view=detail&id=10953&page=7
185,"

	Woning te RONSE (9600)
","

	€ 157.000
",https://www.immobeguin.be/nl/recentste-aanbod?view=detail&id=12798&page=7
186,"

	Woning te Ieper (8900)
","

	€ 262.500
",https://www.immobeguin.be/nl/recentste-aanbod?view=detail&id=10988&page=7
187,"

	Bouwgronden te BRAKEL (9660)
","

	€ 120.000
",https://www.immobeguin.be/nl/recentste-aanbod?view=detail&id=13472&page=7
188,"

	Bouwgronden te HOUTAING (7812)
","

	€ 108.000
",https://www.immobeguin.be/nl/recentste-aanbod?view=detail&id=10625&page=7
189,"

	Bouwgronden te ATH (7800)
","

	€ 108.000
",https://www.immobeguin.be/nl/recentste-aanbod?view=detail&id=10761&page=7
190,"

	Opbrengsteigendom te ZWEVEGEM (8550)
","

	€ 245.000
",https://www.immobeguin.be/nl/recentste-aanbod?view=detail&id=10496&page=7
191,"

	Appartement te OTEGEM (8553)
","

	€ 245.000
",https://www.immobeguin.be/nl/recentste-aanbod?view=detail&id=10488&page=7
192,"

	Appartement te AVELGEM (8580)
","

	€ 139.500
",https://www.immobeguin.be/nl/recentste-aanbod?view=detail&id=10304&page=7
193,"

	Landbouwgrond te WODECQ (7890)
","

	€ 60.000
",https://www.immobeguin.be/nl/recentste-aanbod?view=detail&id=10321&page=7
194,"

	Bouwgronden te FLOBECQ (7880)
","

	€ 250.000
",https://www.immobeguin.be/nl/recentste-aanbod?view=detail&id=10211&page=7
195,"

	Handelspand te SZCZECINEK (78-400) (Polen)
","

	€ 599.500
",https://www.immobeguin.be/nl/recentste-aanbod?view=detail&id=10146&page=7
196,"

	Bouwgronden te RONSE (9600)
","

	€ 399.500
",https://www.immobeguin.be/nl/recentste-aanbod?view=detail&id=12224&page=7
197,"

	Bouwgronden te RONSE (9600)
","

	€ 399.500
",https://www.immobeguin.be/nl/recentste-aanbod?view=detail&id=12227&page=7
198,"

	Appartement te SINT-BAAFS-VIJVE (8710)
","

	€ 210.225
",https://www.immobeguin.be/nl/recentste-aanbod?view=detail&id=9897&page=7
199,"

	Appartement te Passendale (8980)
","

	€ 186.483
",https://www.immobeguin.be/nl/recentste-aanbod?view=detail&id=10993&page=7
200,"

	Garage te SINT-ELOOIS-VIJVE (8793)
","

	€ 22.000
",https://www.immobeguin.be/nl/recentste-aanbod?view=detail&id=12888&page=7
201,"

	Woning te MOEN (8552)
","

	€ 255.500
",https://www.immobeguin.be/nl/recentste-aanbod?view=detail&id=10495&page=7
202,"

	Woning te OTEGEM (8553)
","

	€ 299.900
",https://www.immobeguin.be/nl/recentste-aanbod?view=detail&id=10460&page=7
203,"

	Magazijn te VLOESBERG (7880)
","

	€ 250.000
",https://www.immobeguin.be/nl/recentste-aanbod?view=detail&id=10188&page=7
204,"

	Handelspand te WAREGEM (8790)
","

	€ 425.000
",https://www.immobeguin.be/nl/recentste-aanbod?view=detail&id=10037&page=7
205,"

	Magazijn te RONSE (9600)
","

	€ 199.500
",https://www.immobeguin.be/nl/recentste-aanbod?view=detail&id=12476&page=8
206,"

	Handelspand te OLLIGNIES (7866)
","

	€ 450.000
",https://www.immobeguin.be/nl/recentste-aanbod?view=detail&id=13810&page=8
207,"

	Industriegrond te VILLEROT (7334)
","

	€ 235.000
",https://www.immobeguin.be/nl/recentste-aanbod?view=detail&id=14094&page=8
208,"

	Handelspand te RONSE (9600)
","

	€ 145.000
",https://www.immobeguin.be/nl/recentste-aanbod?view=detail&id=9716&page=8
209,"

	Opbrengsteigendom te MEULEBEKE (8760)
","

	€ 650.000
",https://www.immobeguin.be/nl/recentste-aanbod?view=detail&id=9447&page=8
210,"

	Bouwgronden te HENNUYÈRES (7090)
","

	€ 225.000
",https://www.immobeguin.be/nl/recentste-aanbod?view=detail&id=12098&page=8
211,"

	Woning te BELOEIL (7970)
","

	€ 240.000
",https://www.immobeguin.be/nl/recentste-aanbod?view=detail&id=11434&page=8
212,"

	Garage te SINT-BAAFS-VIJVE (8710)
","

	€ 24.000
",https://www.immobeguin.be/nl/recentste-aanbod?view=detail&id=8795&page=8
213,"

	Garage te WAREGEM (8790)
","

	€ 19.500
",https://www.immobeguin.be/nl/recentste-aanbod?view=detail&id=9446&page=8
214,"

	Appartement te RONSE (9600)
","

	€ 234.000
",https://www.immobeguin.be/nl/recentste-aanbod?view=detail&id=14178&page=8
215,"

	Appartement te RONSE (9600)
","

	€ 205.000
",https://www.immobeguin.be/nl/recentste-aanbod?view=detail&id=13315&page=8
216,"

	Appartement te WAREGEM (8790)
","

	€ 249.376
",https://www.immobeguin.be/nl/recentste-aanbod?view=detail&id=12518&page=8
217,"

	Woning te NEDERBRAKEL (9660)
","

	€ 149.000
",https://www.immobeguin.be/nl/recentste-aanbod?view=detail&id=12135&page=8
218,"

	Handelspand te INGELMUNSTER (8770)
","

	€ 398.000
",https://www.immobeguin.be/nl/recentste-aanbod?view=detail&id=12492&page=8
219,"

	Woning te RONSE (9600)
","

	€ 1.100.000
",https://www.immobeguin.be/nl/recentste-aanbod?view=detail&id=11656&page=8
